<?xml version="1.0" encoding="UTF-8"?>
<export version="D">
  <design>
    <source>/home/john/Seafile/Personal/a1rstudios/projects/Hardware/rgbwatch/Kicad/rgbw840/rgbw840.sch</source>
    <date>jeu. 28 mai 2020 18:23:59</date>
    <tool>Eeschema 5.1.5</tool>
    <sheet number="1" name="/" tstamps="/">
      <title_block>
        <title/>
        <company/>
        <rev/>
        <date/>
        <source>rgbw840.sch</source>
        <comment number="1" value=""/>
        <comment number="2" value=""/>
        <comment number="3" value=""/>
        <comment number="4" value=""/>
      </title_block>
    </sheet>
  </design>
  <components>
    <comp ref="BT1">
      <value>lipo_conn</value>
      <footprint>fge-lib-footprints:lipo_302424</footprint>
      <datasheet>~</datasheet>
      <libsource lib="Device" part="Battery_Cell" description="Single-cell battery"/>
      <sheetpath names="/" tstamps="/"/>
      <tstamp>5CF18D1A</tstamp>
    </comp>
    <comp ref="C1">
      <value>4.7u</value>
      <footprint>Capacitor_SMD:C_0603_1608Metric</footprint>
      <datasheet>~</datasheet>
      <libsource lib="Device" part="C_Small" description="Unpolarized capacitor, small symbol"/>
      <sheetpath names="/" tstamps="/"/>
      <tstamp>5D0013ED</tstamp>
    </comp>
    <comp ref="C2">
      <value>4.7u</value>
      <footprint>Capacitor_SMD:C_0603_1608Metric</footprint>
      <datasheet>~</datasheet>
      <libsource lib="Device" part="C_Small" description="Unpolarized capacitor, small symbol"/>
      <sheetpath names="/" tstamps="/"/>
      <tstamp>5D0063AD</tstamp>
    </comp>
    <comp ref="C3">
      <value>4.7u</value>
      <footprint>Capacitor_SMD:C_0603_1608Metric</footprint>
      <datasheet>~</datasheet>
      <libsource lib="Device" part="C_Small" description="Unpolarized capacitor, small symbol"/>
      <sheetpath names="/" tstamps="/"/>
      <tstamp>5D00893F</tstamp>
    </comp>
    <comp ref="U7">
      <value>LIS3DH</value>
      <footprint>fge-lib-footprints:LGA-16_3x3mm_P0.5mm_LayoutBorder3x5y</footprint>
      <libsource lib="fge-lib-symbols" part="LIS3DH" description=""/>
      <sheetpath names="/" tstamps="/"/>
      <tstamp>5D0A09A2</tstamp>
    </comp>
    <comp ref="TP4">
      <value>ACC_INT2</value>
      <footprint>TestPoint:TestPoint_Pad_D1.0mm</footprint>
      <datasheet>~</datasheet>
      <libsource lib="Connector" part="TestPoint" description="test point"/>
      <sheetpath names="/" tstamps="/"/>
      <tstamp>5D0A3497</tstamp>
    </comp>
    <comp ref="TP5">
      <value>ACC_INT</value>
      <footprint>TestPoint:TestPoint_Pad_D1.0mm</footprint>
      <datasheet>~</datasheet>
      <libsource lib="Connector" part="TestPoint" description="test point"/>
      <sheetpath names="/" tstamps="/"/>
      <tstamp>5D0A3604</tstamp>
    </comp>
    <comp ref="U4">
      <value>FPF1203</value>
      <footprint>fge-lib-footprints:WLCSP-4_0.76mm</footprint>
      <libsource lib="fge-lib-symbols" part="FPF1203" description="P-Channel Load switch 2A BGA (Onsemi)"/>
      <sheetpath names="/" tstamps="/"/>
      <tstamp>5D0A3F22</tstamp>
    </comp>
    <comp ref="U1">
      <value>BQ21040</value>
      <footprint>Package_TO_SOT_SMD:SOT-23-6</footprint>
      <libsource lib="fge-lib-symbols" part="BQ21040" description=""/>
      <sheetpath names="/" tstamps="/"/>
      <tstamp>5D0A49B8</tstamp>
    </comp>
    <comp ref="R1">
      <value>10k</value>
      <footprint>Resistor_SMD:R_0402_1005Metric</footprint>
      <datasheet>~</datasheet>
      <libsource lib="Device" part="R_Small" description="Resistor, small symbol"/>
      <sheetpath names="/" tstamps="/"/>
      <tstamp>5D0A5BA0</tstamp>
    </comp>
    <comp ref="R2">
      <value>2.4k</value>
      <footprint>Resistor_SMD:R_0402_1005Metric</footprint>
      <datasheet>~</datasheet>
      <libsource lib="Device" part="R_Small" description="Resistor, small symbol"/>
      <sheetpath names="/" tstamps="/"/>
      <tstamp>5D0A8CEE</tstamp>
    </comp>
    <comp ref="C4">
      <value>1u</value>
      <footprint>Capacitor_SMD:C_0603_1608Metric</footprint>
      <datasheet>~</datasheet>
      <libsource lib="Device" part="C_Small" description="Unpolarized capacitor, small symbol"/>
      <sheetpath names="/" tstamps="/"/>
      <tstamp>5D0AB2B2</tstamp>
    </comp>
    <comp ref="R4">
      <value>10k</value>
      <footprint>Resistor_SMD:R_0402_1005Metric</footprint>
      <datasheet>~</datasheet>
      <libsource lib="Device" part="R_Small" description="Resistor, small symbol"/>
      <sheetpath names="/" tstamps="/"/>
      <tstamp>5D0B1729</tstamp>
    </comp>
    <comp ref="R5">
      <value>10k</value>
      <footprint>Resistor_SMD:R_0402_1005Metric</footprint>
      <datasheet>~</datasheet>
      <libsource lib="Device" part="R_Small" description="Resistor, small symbol"/>
      <sheetpath names="/" tstamps="/"/>
      <tstamp>5D0B179D</tstamp>
    </comp>
    <comp ref="TP1">
      <value>VDD</value>
      <footprint>TestPoint:TestPoint_Pad_D1.0mm</footprint>
      <datasheet>~</datasheet>
      <libsource lib="Connector" part="TestPoint" description="test point"/>
      <sheetpath names="/" tstamps="/"/>
      <tstamp>5D0BE27F</tstamp>
    </comp>
    <comp ref="TP2">
      <value>GND</value>
      <footprint>TestPoint:TestPoint_Pad_D1.0mm</footprint>
      <datasheet>~</datasheet>
      <libsource lib="Connector" part="TestPoint" description="test point"/>
      <sheetpath names="/" tstamps="/"/>
      <tstamp>5D0BFDFB</tstamp>
    </comp>
    <comp ref="U6">
      <value>LC898302AXA</value>
      <footprint>fge-lib-footprints:WLCSP-6_0.78x1.18</footprint>
      <libsource lib="fge-lib-symbols" part="LC898302AXA" description="LRA &amp; ERM haptics/vibration driver 6-BGA (Onsemi)"/>
      <sheetpath names="/" tstamps="/"/>
      <tstamp>5D0C1DA5</tstamp>
    </comp>
    <comp ref="M1">
      <value>ERM</value>
      <footprint>fge-lib-footprints:motor-erm-4mm</footprint>
      <datasheet>~</datasheet>
      <libsource lib="Motor" part="Motor_DC" description="DC Motor"/>
      <sheetpath names="/" tstamps="/"/>
      <tstamp>5D0C7D3B</tstamp>
    </comp>
    <comp ref="R9">
      <value>VADJ</value>
      <footprint>Resistor_SMD:R_0603_1608Metric</footprint>
      <datasheet>~</datasheet>
      <libsource lib="Device" part="R_Small" description="Resistor, small symbol"/>
      <sheetpath names="/" tstamps="/"/>
      <tstamp>5D0C7E28</tstamp>
    </comp>
    <comp ref="JP1">
      <value>HAPMODE</value>
      <footprint>Jumper:SolderJumper-3_P1.3mm_Bridged12_RoundedPad1.0x1.5mm_NumberLabels</footprint>
      <datasheet>~</datasheet>
      <libsource lib="Jumper" part="SolderJumper_3_Bridged12" description="3-pole Solder Jumper, pins 1+2 closed/bridged"/>
      <sheetpath names="/" tstamps="/"/>
      <tstamp>5D0D67EA</tstamp>
    </comp>
    <comp ref="C9">
      <value>100p</value>
      <footprint>Capacitor_SMD:C_0402_1005Metric</footprint>
      <datasheet>~</datasheet>
      <libsource lib="Device" part="C_Small" description="Unpolarized capacitor, small symbol"/>
      <sheetpath names="/" tstamps="/"/>
      <tstamp>5D10D629</tstamp>
    </comp>
    <comp ref="C12">
      <value>100n</value>
      <footprint>Capacitor_SMD:C_0402_1005Metric</footprint>
      <datasheet>~</datasheet>
      <libsource lib="Device" part="C_Small" description="Unpolarized capacitor, small symbol"/>
      <sheetpath names="/" tstamps="/"/>
      <tstamp>5D10D636</tstamp>
    </comp>
    <comp ref="C6">
      <value>1u</value>
      <footprint>Capacitor_SMD:C_0402_1005Metric</footprint>
      <datasheet>~</datasheet>
      <libsource lib="Device" part="C_Small" description="Unpolarized capacitor, small symbol"/>
      <sheetpath names="/" tstamps="/"/>
      <tstamp>5D10D64E</tstamp>
    </comp>
    <comp ref="C5">
      <value>100n</value>
      <footprint>Capacitor_SMD:C_0402_1005Metric</footprint>
      <datasheet>~</datasheet>
      <libsource lib="Device" part="C_Small" description="Unpolarized capacitor, small symbol"/>
      <sheetpath names="/" tstamps="/"/>
      <tstamp>5D10D659</tstamp>
    </comp>
    <comp ref="C8">
      <value>100n</value>
      <footprint>Capacitor_SMD:C_0402_1005Metric</footprint>
      <datasheet>~</datasheet>
      <libsource lib="Device" part="C_Small" description="Unpolarized capacitor, small symbol"/>
      <sheetpath names="/" tstamps="/"/>
      <tstamp>5D10D660</tstamp>
    </comp>
    <comp ref="C10">
      <value>4.7u</value>
      <footprint>Capacitor_SMD:C_0603_1608Metric</footprint>
      <datasheet>~</datasheet>
      <libsource lib="Device" part="C_Small" description="Unpolarized capacitor, small symbol"/>
      <sheetpath names="/" tstamps="/"/>
      <tstamp>5D10D667</tstamp>
    </comp>
    <comp ref="C18">
      <value>12p</value>
      <footprint>Capacitor_SMD:C_0201_0603Metric</footprint>
      <datasheet>~</datasheet>
      <libsource lib="Device" part="C_Small" description="Unpolarized capacitor, small symbol"/>
      <sheetpath names="/" tstamps="/"/>
      <tstamp>5D10D681</tstamp>
    </comp>
    <comp ref="C19">
      <value>12p</value>
      <footprint>Capacitor_SMD:C_0201_0603Metric</footprint>
      <datasheet>~</datasheet>
      <libsource lib="Device" part="C_Small" description="Unpolarized capacitor, small symbol"/>
      <sheetpath names="/" tstamps="/"/>
      <tstamp>5D10D688</tstamp>
    </comp>
    <comp ref="L6">
      <value>2.7n</value>
      <footprint>Inductor_SMD:L_0402_1005Metric</footprint>
      <datasheet>~</datasheet>
      <libsource lib="Device" part="L_Small" description="Inductor, small symbol"/>
      <sheetpath names="/" tstamps="/"/>
      <tstamp>5D10D6CF</tstamp>
    </comp>
    <comp ref="L4">
      <value>3.9n</value>
      <footprint>Inductor_SMD:L_0402_1005Metric</footprint>
      <datasheet>~</datasheet>
      <libsource lib="Device" part="L_Small" description="Inductor, small symbol"/>
      <sheetpath names="/" tstamps="/"/>
      <tstamp>5D10D6DF</tstamp>
    </comp>
    <comp ref="AE1">
      <value>Antenna</value>
      <footprint>fge-lib-footprints:2450AT18A100</footprint>
      <datasheet>~</datasheet>
      <libsource lib="Device" part="Antenna" description="Antenna"/>
      <sheetpath names="/" tstamps="/"/>
      <tstamp>5D10D6E8</tstamp>
    </comp>
    <comp ref="R6">
      <value>0R</value>
      <footprint>Resistor_SMD:R_0603_1608Metric</footprint>
      <datasheet>~</datasheet>
      <libsource lib="Device" part="R_Small" description="Resistor, small symbol"/>
      <sheetpath names="/" tstamps="/"/>
      <tstamp>5D10D745</tstamp>
    </comp>
    <comp ref="Y2">
      <value>32M</value>
      <footprint>fge-lib-footprints:Crystal_SMD_2016-4Pin_2.0x1.6mm</footprint>
      <datasheet>~</datasheet>
      <libsource lib="rgbw840-rescue" part="Crystal_GND24_Small-Device-rgbw-rescue" description=""/>
      <sheetpath names="/" tstamps="/"/>
      <tstamp>5D10D74F</tstamp>
    </comp>
    <comp ref="R7">
      <value>4.7k</value>
      <footprint>Resistor_SMD:R_0402_1005Metric</footprint>
      <datasheet>~</datasheet>
      <libsource lib="Device" part="R_Small" description="Resistor, small symbol"/>
      <sheetpath names="/" tstamps="/"/>
      <tstamp>5D11A61A</tstamp>
    </comp>
    <comp ref="R8">
      <value>4.7k</value>
      <footprint>Resistor_SMD:R_0402_1005Metric</footprint>
      <datasheet>~</datasheet>
      <libsource lib="Device" part="R_Small" description="Resistor, small symbol"/>
      <sheetpath names="/" tstamps="/"/>
      <tstamp>5D11A838</tstamp>
    </comp>
    <comp ref="U3">
      <value>FPF1203</value>
      <footprint>fge-lib-footprints:WLCSP-4_0.76mm</footprint>
      <libsource lib="fge-lib-symbols" part="FPF1203" description="P-Channel Load switch 2A BGA (Onsemi)"/>
      <sheetpath names="/" tstamps="/"/>
      <tstamp>5D13A48A</tstamp>
    </comp>
    <comp ref="Y1">
      <value>32768Hz</value>
      <footprint>fge-lib-footprints:Crystal_SMD_2012-2Pin_2.0x1.2mm</footprint>
      <datasheet>~</datasheet>
      <libsource lib="Device" part="Crystal" description="Two pin crystal"/>
      <sheetpath names="/" tstamps="/"/>
      <tstamp>5D1C3800</tstamp>
    </comp>
    <comp ref="C7">
      <value>12p</value>
      <footprint>Capacitor_SMD:C_0201_0603Metric</footprint>
      <datasheet>~</datasheet>
      <libsource lib="Device" part="C_Small" description="Unpolarized capacitor, small symbol"/>
      <sheetpath names="/" tstamps="/"/>
      <tstamp>5D1C3A6B</tstamp>
    </comp>
    <comp ref="C13">
      <value>12p</value>
      <footprint>Capacitor_SMD:C_0201_0603Metric</footprint>
      <datasheet>~</datasheet>
      <libsource lib="Device" part="C_Small" description="Unpolarized capacitor, small symbol"/>
      <sheetpath names="/" tstamps="/"/>
      <tstamp>5D1C3B45</tstamp>
    </comp>
    <comp ref="SW0">
      <value>TACTSW</value>
      <footprint>fge-lib-footprints:EVQ-9P701P</footprint>
      <libsource lib="Switch" part="SW_Push" description="Push button switch, generic, two pins"/>
      <sheetpath names="/" tstamps="/"/>
      <tstamp>5D2309F3</tstamp>
    </comp>
    <comp ref="SW1">
      <value>TACTSW</value>
      <footprint>fge-lib-footprints:EVQ-9P701P</footprint>
      <libsource lib="Switch" part="SW_Push" description="Push button switch, generic, two pins"/>
      <sheetpath names="/" tstamps="/"/>
      <tstamp>5D26F1E6</tstamp>
    </comp>
    <comp ref="SW2">
      <value>TACTSW</value>
      <footprint>fge-lib-footprints:EVQ-9P701P</footprint>
      <libsource lib="Switch" part="SW_Push" description="Push button switch, generic, two pins"/>
      <sheetpath names="/" tstamps="/"/>
      <tstamp>5D26F282</tstamp>
    </comp>
    <comp ref="J7">
      <value>SWDIO</value>
      <footprint>TestPoint:TestPoint_Pad_D1.5mm</footprint>
      <datasheet>~</datasheet>
      <libsource lib="Connector_Generic" part="Conn_01x01" description="Generic connector, single row, 01x01, script generated (kicad-library-utils/schlib/autogen/connector/)"/>
      <sheetpath names="/" tstamps="/"/>
      <tstamp>5D0F9B69</tstamp>
    </comp>
    <comp ref="J6">
      <value>SWDCLK</value>
      <footprint>TestPoint:TestPoint_Pad_D1.5mm</footprint>
      <datasheet>~</datasheet>
      <libsource lib="Connector_Generic" part="Conn_01x01" description="Generic connector, single row, 01x01, script generated (kicad-library-utils/schlib/autogen/connector/)"/>
      <sheetpath names="/" tstamps="/"/>
      <tstamp>5D0F9B73</tstamp>
    </comp>
    <comp ref="J4">
      <value>VDD</value>
      <footprint>TestPoint:TestPoint_Pad_D1.5mm</footprint>
      <datasheet>~</datasheet>
      <libsource lib="Connector_Generic" part="Conn_01x01" description="Generic connector, single row, 01x01, script generated (kicad-library-utils/schlib/autogen/connector/)"/>
      <sheetpath names="/" tstamps="/"/>
      <tstamp>5D0F9B7D</tstamp>
    </comp>
    <comp ref="J8">
      <value>GND</value>
      <footprint>TestPoint:TestPoint_Pad_D1.5mm</footprint>
      <datasheet>~</datasheet>
      <libsource lib="Connector_Generic" part="Conn_01x01" description="Generic connector, single row, 01x01, script generated (kicad-library-utils/schlib/autogen/connector/)"/>
      <sheetpath names="/" tstamps="/"/>
      <tstamp>5D0F9B8A</tstamp>
    </comp>
    <comp ref="D2">
      <value>D_Protect</value>
      <footprint>Diode_SMD:D_SOD-123F</footprint>
      <datasheet>~</datasheet>
      <libsource lib="Device" part="D_Schottky_Small_ALT" description="Schottky diode, small symbol, filled shape"/>
      <sheetpath names="/" tstamps="/"/>
      <tstamp>5D25636A</tstamp>
    </comp>
    <comp ref="J5">
      <value>VCHG</value>
      <footprint>TestPoint:TestPoint_Pad_D1.5mm</footprint>
      <datasheet>~</datasheet>
      <libsource lib="Connector_Generic" part="Conn_01x01" description="Generic connector, single row, 01x01, script generated (kicad-library-utils/schlib/autogen/connector/)"/>
      <sheetpath names="/" tstamps="/"/>
      <tstamp>5D26B5D0</tstamp>
    </comp>
    <comp ref="JP2">
      <value>VDD_CUT</value>
      <footprint>Jumper:SolderJumper-2_P1.3mm_Open_RoundedPad1.0x1.5mm</footprint>
      <datasheet>~</datasheet>
      <libsource lib="Jumper" part="SolderJumper_2_Open" description="Solder Jumper, 2-pole, open"/>
      <sheetpath names="/" tstamps="/"/>
      <tstamp>5D611BA8</tstamp>
    </comp>
    <comp ref="J3">
      <value>M+</value>
      <footprint>TestPoint:TestPoint_Pad_D2.0mm</footprint>
      <datasheet>~</datasheet>
      <libsource lib="Connector_Generic" part="Conn_01x01" description="Generic connector, single row, 01x01, script generated (kicad-library-utils/schlib/autogen/connector/)"/>
      <sheetpath names="/" tstamps="/"/>
      <tstamp>5D6B1B78</tstamp>
    </comp>
    <comp ref="J9">
      <value>M-</value>
      <footprint>TestPoint:TestPoint_Pad_D2.0mm</footprint>
      <datasheet>~</datasheet>
      <libsource lib="Connector_Generic" part="Conn_01x01" description="Generic connector, single row, 01x01, script generated (kicad-library-utils/schlib/autogen/connector/)"/>
      <sheetpath names="/" tstamps="/"/>
      <tstamp>5D6B2406</tstamp>
    </comp>
    <comp ref="TP8">
      <value>VBATT</value>
      <footprint>TestPoint:TestPoint_Pad_D2.0mm</footprint>
      <datasheet>~</datasheet>
      <libsource lib="Connector" part="TestPoint" description="test point"/>
      <sheetpath names="/" tstamps="/"/>
      <tstamp>5D71B290</tstamp>
    </comp>
    <comp ref="TP9">
      <value>GND</value>
      <footprint>TestPoint:TestPoint_Pad_D2.0mm</footprint>
      <datasheet>~</datasheet>
      <libsource lib="Connector" part="TestPoint" description="test point"/>
      <sheetpath names="/" tstamps="/"/>
      <tstamp>5D71C2A1</tstamp>
    </comp>
    <comp ref="D1">
      <value>D_Protect</value>
      <footprint>Diode_SMD:D_SOD-123F</footprint>
      <datasheet>~</datasheet>
      <libsource lib="Device" part="D_Schottky_Small_ALT" description="Schottky diode, small symbol, filled shape"/>
      <sheetpath names="/" tstamps="/"/>
      <tstamp>5D00B62B</tstamp>
    </comp>
    <comp ref="C20">
      <value>4.7u</value>
      <footprint>Capacitor_SMD:C_0603_1608Metric</footprint>
      <datasheet>~</datasheet>
      <libsource lib="Device" part="C_Small" description="Unpolarized capacitor, small symbol"/>
      <sheetpath names="/" tstamps="/"/>
      <tstamp>5D43BBC4</tstamp>
    </comp>
    <comp ref="J1">
      <value>CONN_EXT_FRONT</value>
      <footprint>fge-lib-footprints:molex-513380274</footprint>
      <datasheet>~</datasheet>
      <libsource lib="fge-lib-symbols" part="Conn_02x10_Counter_Clockwise_M" description="Generic connector, double row, 02x10, counter clockwise pin numbering scheme (similar to DIP packge numbering), script generated (kicad-library-utils/schlib/autogen/connector/)"/>
      <sheetpath names="/" tstamps="/"/>
      <tstamp>5D34465B</tstamp>
    </comp>
    <comp ref="J2">
      <value>CONN_EXT_REAR</value>
      <footprint>fge-lib-footprints:molex-513380274</footprint>
      <datasheet>~</datasheet>
      <libsource lib="fge-lib-symbols" part="Conn_02x10_Counter_Clockwise_M" description="Generic connector, double row, 02x10, counter clockwise pin numbering scheme (similar to DIP packge numbering), script generated (kicad-library-utils/schlib/autogen/connector/)"/>
      <sheetpath names="/" tstamps="/"/>
      <tstamp>5D35F879</tstamp>
    </comp>
    <comp ref="U2">
      <value>TPS62742</value>
      <footprint>fge-lib-footprints:TI_YFP_R-XBGA-N8</footprint>
      <libsource lib="fge-lib-symbols" part="TPS62742" description=""/>
      <sheetpath names="/" tstamps="/"/>
      <tstamp>5D3CB53F</tstamp>
    </comp>
    <comp ref="L1">
      <value>2.2u</value>
      <footprint>Inductor_SMD:L_0805_2012Metric</footprint>
      <datasheet>~</datasheet>
      <libsource lib="Device" part="L_Small" description="Inductor, small symbol"/>
      <sheetpath names="/" tstamps="/"/>
      <tstamp>5D46C46B</tstamp>
    </comp>
    <comp ref="JP3">
      <value>VSEL</value>
      <footprint>Jumper:SolderJumper-3_P1.3mm_Bridged12_RoundedPad1.0x1.5mm_NumberLabels</footprint>
      <datasheet>~</datasheet>
      <libsource lib="Jumper" part="SolderJumper_3_Bridged12" description="3-pole Solder Jumper, pins 1+2 closed/bridged"/>
      <sheetpath names="/" tstamps="/"/>
      <tstamp>5D509C3B</tstamp>
    </comp>
    <comp ref="C11">
      <value>100n</value>
      <footprint>Capacitor_SMD:C_0402_1005Metric</footprint>
      <datasheet>~</datasheet>
      <libsource lib="Device" part="C_Small" description="Unpolarized capacitor, small symbol"/>
      <sheetpath names="/" tstamps="/"/>
      <tstamp>5D668327</tstamp>
    </comp>
    <comp ref="U5">
      <value>nRF52840</value>
      <footprint>fge-lib-footprints:Nordic_AQFN-73-1EP_7x7mm_P0.5mm</footprint>
      <datasheet>http://infocenter.nordicsemi.com/topic/com.nordic.infocenter.nrf52/dita/nrf52/chips/nrf52840.html</datasheet>
      <libsource lib="MCU_Nordic" part="nRF52840" description="Multiprotocol BLE/ANT/2.4 GHz/802.15.4 Cortex-M4F SoC, AQFN-73"/>
      <sheetpath names="/" tstamps="/"/>
      <tstamp>5ED29137</tstamp>
    </comp>
    <comp ref="C16">
      <value>0.8p</value>
      <footprint>Capacitor_SMD:C_0402_1005Metric</footprint>
      <datasheet>~</datasheet>
      <libsource lib="Device" part="C_Small" description="Unpolarized capacitor, small symbol"/>
      <sheetpath names="/" tstamps="/"/>
      <tstamp>5D10D69E</tstamp>
    </comp>
    <comp ref="L5">
      <value>4.7n</value>
      <footprint>Inductor_SMD:L_0402_1005Metric</footprint>
      <datasheet>~</datasheet>
      <libsource lib="Device" part="L_Small" description="Inductor, small symbol"/>
      <sheetpath names="/" tstamps="/"/>
      <tstamp>5D10D697</tstamp>
    </comp>
    <comp ref="C14">
      <value>1p</value>
      <footprint>Capacitor_SMD:C_0402_1005Metric</footprint>
      <datasheet>~</datasheet>
      <libsource lib="Device" part="C_Small" description="Unpolarized capacitor, small symbol"/>
      <sheetpath names="/" tstamps="/"/>
      <tstamp>5D10D6C8</tstamp>
    </comp>
    <comp ref="C21">
      <value>0.5p</value>
      <footprint>Capacitor_SMD:C_0402_1005Metric</footprint>
      <datasheet>~</datasheet>
      <libsource lib="Device" part="C_Small" description="Unpolarized capacitor, small symbol"/>
      <sheetpath names="/" tstamps="/"/>
      <tstamp>5EF13BFF</tstamp>
    </comp>
    <comp ref="C22">
      <value>820p</value>
      <footprint>Capacitor_SMD:C_0402_1005Metric</footprint>
      <datasheet>~</datasheet>
      <libsource lib="Device" part="C_Small" description="Unpolarized capacitor, small symbol"/>
      <sheetpath names="/" tstamps="/"/>
      <tstamp>5F044CFE</tstamp>
    </comp>
  </components>
  <libparts>
    <libpart lib="Connector" part="TestPoint">
      <description>test point</description>
      <docs>~</docs>
      <footprints>
        <fp>Pin*</fp>
        <fp>Test*</fp>
      </footprints>
      <fields>
        <field name="Reference">TP</field>
        <field name="Value">TestPoint</field>
      </fields>
      <pins>
        <pin num="1" name="1" type="passive"/>
      </pins>
    </libpart>
    <libpart lib="Connector_Generic" part="Conn_01x01">
      <description>Generic connector, single row, 01x01, script generated (kicad-library-utils/schlib/autogen/connector/)</description>
      <docs>~</docs>
      <footprints>
        <fp>Connector*:*_1x??_*</fp>
      </footprints>
      <fields>
        <field name="Reference">J</field>
        <field name="Value">Conn_01x01</field>
      </fields>
      <pins>
        <pin num="1" name="Pin_1" type="passive"/>
      </pins>
    </libpart>
    <libpart lib="Device" part="Antenna">
      <description>Antenna</description>
      <docs>~</docs>
      <fields>
        <field name="Reference">AE</field>
        <field name="Value">Antenna</field>
      </fields>
      <pins>
        <pin num="1" name="A" type="input"/>
      </pins>
    </libpart>
    <libpart lib="Device" part="Battery_Cell">
      <description>Single-cell battery</description>
      <docs>~</docs>
      <fields>
        <field name="Reference">BT</field>
        <field name="Value">Battery_Cell</field>
      </fields>
      <pins>
        <pin num="1" name="+" type="passive"/>
        <pin num="2" name="-" type="passive"/>
      </pins>
    </libpart>
    <libpart lib="Device" part="C_Small">
      <description>Unpolarized capacitor, small symbol</description>
      <docs>~</docs>
      <footprints>
        <fp>C_*</fp>
      </footprints>
      <fields>
        <field name="Reference">C</field>
        <field name="Value">C_Small</field>
      </fields>
      <pins>
        <pin num="1" name="~" type="passive"/>
        <pin num="2" name="~" type="passive"/>
      </pins>
    </libpart>
    <libpart lib="Device" part="Crystal">
      <description>Two pin crystal</description>
      <docs>~</docs>
      <footprints>
        <fp>Crystal*</fp>
      </footprints>
      <fields>
        <field name="Reference">Y</field>
        <field name="Value">Crystal</field>
      </fields>
      <pins>
        <pin num="1" name="1" type="passive"/>
        <pin num="2" name="2" type="passive"/>
      </pins>
    </libpart>
    <libpart lib="Device" part="D_Schottky_Small_ALT">
      <description>Schottky diode, small symbol, filled shape</description>
      <docs>~</docs>
      <footprints>
        <fp>TO-???*</fp>
        <fp>*_Diode_*</fp>
        <fp>*SingleDiode*</fp>
        <fp>D_*</fp>
      </footprints>
      <fields>
        <field name="Reference">D</field>
        <field name="Value">D_Schottky_Small_ALT</field>
      </fields>
      <pins>
        <pin num="1" name="K" type="passive"/>
        <pin num="2" name="A" type="passive"/>
      </pins>
    </libpart>
    <libpart lib="Device" part="L_Small">
      <description>Inductor, small symbol</description>
      <docs>~</docs>
      <footprints>
        <fp>Choke_*</fp>
        <fp>*Coil*</fp>
        <fp>Inductor_*</fp>
        <fp>L_*</fp>
      </footprints>
      <fields>
        <field name="Reference">L</field>
        <field name="Value">L_Small</field>
      </fields>
      <pins>
        <pin num="1" name="~" type="passive"/>
        <pin num="2" name="~" type="passive"/>
      </pins>
    </libpart>
    <libpart lib="Device" part="R_Small">
      <description>Resistor, small symbol</description>
      <docs>~</docs>
      <footprints>
        <fp>R_*</fp>
      </footprints>
      <fields>
        <field name="Reference">R</field>
        <field name="Value">R_Small</field>
      </fields>
      <pins>
        <pin num="1" name="~" type="passive"/>
        <pin num="2" name="~" type="passive"/>
      </pins>
    </libpart>
    <libpart lib="Jumper" part="SolderJumper_2_Open">
      <description>Solder Jumper, 2-pole, open</description>
      <docs>~</docs>
      <footprints>
        <fp>SolderJumper*Open*</fp>
      </footprints>
      <fields>
        <field name="Reference">JP</field>
        <field name="Value">SolderJumper_2_Open</field>
      </fields>
      <pins>
        <pin num="1" name="A" type="passive"/>
        <pin num="2" name="B" type="passive"/>
      </pins>
    </libpart>
    <libpart lib="Jumper" part="SolderJumper_3_Bridged12">
      <description>3-pole Solder Jumper, pins 1+2 closed/bridged</description>
      <docs>~</docs>
      <footprints>
        <fp>SolderJumper*Bridged12*</fp>
      </footprints>
      <fields>
        <field name="Reference">JP</field>
        <field name="Value">SolderJumper_3_Bridged12</field>
      </fields>
      <pins>
        <pin num="1" name="A" type="passive"/>
        <pin num="2" name="C" type="input"/>
        <pin num="3" name="B" type="passive"/>
      </pins>
    </libpart>
    <libpart lib="MCU_Nordic" part="nRF52840">
      <description>Multiprotocol BLE/ANT/2.4 GHz/802.15.4 Cortex-M4F SoC, AQFN-73</description>
      <docs>http://infocenter.nordicsemi.com/topic/com.nordic.infocenter.nrf52/dita/nrf52/chips/nrf52840.html</docs>
      <footprints>
        <fp>Nordic*AQFN*1EP*7x7mm*P0.5mm*</fp>
      </footprints>
      <fields>
        <field name="Reference">U</field>
        <field name="Value">nRF52840</field>
        <field name="Footprint">Package_DFN_QFN:Nordic_AQFN-73-1EP_7x7mm_P0.5mm</field>
      </fields>
      <pins>
        <pin num="A8" name="AIN7/P0.31" type="BiDi"/>
        <pin num="A10" name="AIN5/P0.29" type="BiDi"/>
        <pin num="A12" name="AIN0/P0.02" type="BiDi"/>
        <pin num="A14" name="P1.15" type="BiDi"/>
        <pin num="A16" name="P1.13" type="BiDi"/>
        <pin num="A18" name="DEC2" type="passive"/>
        <pin num="A20" name="P1.10" type="BiDi"/>
        <pin num="A22" name="VDD" type="passive"/>
        <pin num="A23" name="XC2" type="input"/>
        <pin num="AA24" name="SWDCLK" type="input"/>
        <pin num="AB2" name="DCCH" type="power_out"/>
        <pin num="AC5" name="DECUSB" type="passive"/>
        <pin num="AC9" name="P0.14" type="BiDi"/>
        <pin num="AC11" name="P0.16" type="BiDi"/>
        <pin num="AC13" name="P0.18/~RESET" type="BiDi"/>
        <pin num="AC15" name="P0.19" type="BiDi"/>
        <pin num="AC17" name="P0.21" type="BiDi"/>
        <pin num="AC19" name="P0.23" type="BiDi"/>
        <pin num="AC21" name="P0.25" type="BiDi"/>
        <pin num="AC24" name="SWDIO" type="BiDi"/>
        <pin num="AD2" name="VBUS" type="power_in"/>
        <pin num="AD4" name="D-" type="BiDi"/>
        <pin num="AD6" name="D+" type="BiDi"/>
        <pin num="AD8" name="P0.13" type="BiDi"/>
        <pin num="AD10" name="P0.15" type="BiDi"/>
        <pin num="AD12" name="P0.17" type="BiDi"/>
        <pin num="AD14" name="VDD" type="passive"/>
        <pin num="AD16" name="P0.20" type="BiDi"/>
        <pin num="AD18" name="P0.22" type="BiDi"/>
        <pin num="AD20" name="P0.24" type="BiDi"/>
        <pin num="AD22" name="TRACEDATA0/P1.00" type="BiDi"/>
        <pin num="AD23" name="VDD" type="passive"/>
        <pin num="B1" name="VDD" type="power_in"/>
        <pin num="B3" name="DCC" type="power_out"/>
        <pin num="B5" name="DEC4" type="passive"/>
        <pin num="B7" name="VSS" type="power_in"/>
        <pin num="B9" name="AIN6/P0.30" type="BiDi"/>
        <pin num="B11" name="AIN4/P0.28" type="BiDi"/>
        <pin num="B13" name="AIN1/P0.03" type="BiDi"/>
        <pin num="B15" name="P1.14" type="BiDi"/>
        <pin num="B17" name="P1.12" type="BiDi"/>
        <pin num="B19" name="P1.11" type="BiDi"/>
        <pin num="B24" name="XC1" type="input"/>
        <pin num="C1" name="DEC1" type="passive"/>
        <pin num="D2" name="XL1/P0.00" type="BiDi"/>
        <pin num="D23" name="DEC3" type="passive"/>
        <pin num="E24" name="DEC6" type="passive"/>
        <pin num="EP" name="VSS" type="passive"/>
        <pin num="F2" name="XL2/P0.01" type="BiDi"/>
        <pin num="F23" name="VSS_PA" type="power_in"/>
        <pin num="G1" name="P0.26" type="BiDi"/>
        <pin num="H2" name="P0.27" type="BiDi"/>
        <pin num="H23" name="ANT" type="passive"/>
        <pin num="J1" name="AIN2/P0.04" type="BiDi"/>
        <pin num="J24" name="NFC2/P0.10" type="BiDi"/>
        <pin num="K2" name="AIN3/P0.05" type="BiDi"/>
        <pin num="L1" name="P0.06" type="BiDi"/>
        <pin num="L24" name="NFC1/P0.09" type="BiDi"/>
        <pin num="M2" name="TRACECLK/P0.07" type="BiDi"/>
        <pin num="N1" name="P0.08" type="BiDi"/>
        <pin num="N24" name="DEC5" type="passive"/>
        <pin num="P2" name="P1.08" type="BiDi"/>
        <pin num="P23" name="P1.07" type="BiDi"/>
        <pin num="R1" name="TRACEDATA3/P1.09" type="BiDi"/>
        <pin num="R24" name="P1.06" type="BiDi"/>
        <pin num="T2" name="TRACEDATA2/P0.11" type="BiDi"/>
        <pin num="T23" name="P1.05" type="BiDi"/>
        <pin num="U1" name="TRACEDATA1/P0.12" type="BiDi"/>
        <pin num="U24" name="P1.04" type="BiDi"/>
        <pin num="V23" name="P1.03" type="BiDi"/>
        <pin num="W1" name="VDD" type="passive"/>
        <pin num="W24" name="P1.02" type="BiDi"/>
        <pin num="Y2" name="VDDH" type="power_in"/>
        <pin num="Y23" name="P1.01" type="BiDi"/>
      </pins>
    </libpart>
    <libpart lib="Motor" part="Motor_DC">
      <description>DC Motor</description>
      <docs>~</docs>
      <footprints>
        <fp>PinHeader*P2.54mm*</fp>
        <fp>TerminalBlock*</fp>
      </footprints>
      <fields>
        <field name="Reference">M</field>
        <field name="Value">Motor_DC</field>
      </fields>
      <pins>
        <pin num="1" name="+" type="passive"/>
        <pin num="2" name="-" type="passive"/>
      </pins>
    </libpart>
    <libpart lib="Switch" part="SW_Push">
      <description>Push button switch, generic, two pins</description>
      <docs>~</docs>
      <fields>
        <field name="Reference">SW</field>
        <field name="Value">SW_Push</field>
      </fields>
      <pins>
        <pin num="1" name="1" type="passive"/>
        <pin num="2" name="2" type="passive"/>
      </pins>
    </libpart>
    <libpart lib="fge-lib-symbols" part="BQ21040">
      <fields>
        <field name="Reference">U</field>
        <field name="Value">BQ21040</field>
      </fields>
      <pins>
        <pin num="1" name="TS" type="input"/>
        <pin num="2" name="VOUT" type="power_out"/>
        <pin num="3" name="~CHG" type="input"/>
        <pin num="4" name="ISET" type="input"/>
        <pin num="5" name="GND" type="power_in"/>
        <pin num="6" name="VIN" type="power_in"/>
      </pins>
    </libpart>
    <libpart lib="fge-lib-symbols" part="Conn_02x10_Counter_Clockwise_M">
      <description>Generic connector, double row, 02x10, counter clockwise pin numbering scheme (similar to DIP packge numbering), script generated (kicad-library-utils/schlib/autogen/connector/)</description>
      <docs>~</docs>
      <footprints>
        <fp>Connector*:*_2x??_*</fp>
      </footprints>
      <fields>
        <field name="Reference">J</field>
        <field name="Value">Conn_02x10_Counter_Clockwise_M</field>
      </fields>
      <pins>
        <pin num="1" name="Pin_1" type="passive"/>
        <pin num="2" name="Pin_2" type="passive"/>
        <pin num="3" name="Pin_3" type="passive"/>
        <pin num="4" name="Pin_4" type="passive"/>
        <pin num="5" name="Pin_5" type="passive"/>
        <pin num="6" name="Pin_6" type="passive"/>
        <pin num="7" name="Pin_7" type="passive"/>
        <pin num="8" name="Pin_8" type="passive"/>
        <pin num="9" name="Pin_9" type="passive"/>
        <pin num="10" name="Pin_10" type="passive"/>
        <pin num="11" name="Pin_11" type="passive"/>
        <pin num="12" name="Pin_12" type="passive"/>
        <pin num="13" name="Pin_13" type="passive"/>
        <pin num="14" name="Pin_14" type="passive"/>
        <pin num="15" name="Pin_15" type="passive"/>
        <pin num="16" name="Pin_16" type="passive"/>
        <pin num="17" name="Pin_17" type="passive"/>
        <pin num="18" name="Pin_18" type="passive"/>
        <pin num="19" name="Pin_19" type="passive"/>
        <pin num="20" name="Pin_20" type="passive"/>
        <pin num="M" name="M" type="passive"/>
      </pins>
    </libpart>
    <libpart lib="fge-lib-symbols" part="FPF1203">
      <description>P-Channel Load switch 2A BGA (Onsemi)</description>
      <fields>
        <field name="Reference">U</field>
        <field name="Value">FPF1203</field>
      </fields>
      <pins>
        <pin num="A1" name="VOUT" type="output"/>
        <pin num="A2" name="VIN" type="power_in"/>
        <pin num="B1" name="GND" type="power_in"/>
        <pin num="B2" name="EN" type="input"/>
      </pins>
    </libpart>
    <libpart lib="fge-lib-symbols" part="LC898302AXA">
      <description>LRA &amp; ERM haptics/vibration driver 6-BGA (Onsemi)</description>
      <fields>
        <field name="Reference">U</field>
        <field name="Value">LC898302AXA</field>
      </fields>
      <pins>
        <pin num="A1" name="OUT1" type="power_out"/>
        <pin num="A2" name="OUT2" type="power_out"/>
        <pin num="A3" name="GND" type="power_in"/>
        <pin num="B1" name="VDD" type="power_in"/>
        <pin num="B2" name="MODE" type="input"/>
        <pin num="B3" name="PWM" type="input"/>
      </pins>
    </libpart>
    <libpart lib="fge-lib-symbols" part="LIS3DH">
      <fields>
        <field name="Reference">U</field>
        <field name="Value">LIS3DH</field>
      </fields>
      <pins>
        <pin num="1" name="VDDIO" type="power_in"/>
        <pin num="4" name="SCL/SCK" type="BiDi"/>
        <pin num="5" name="GND" type="power_in"/>
        <pin num="6" name="SDA/MOSI" type="BiDi"/>
        <pin num="7" name="SA0/MISO" type="BiDi"/>
        <pin num="8" name="CS" type="BiDi"/>
        <pin num="9" name="INT2" type="BiDi"/>
        <pin num="10" name="RES" type="power_in"/>
        <pin num="11" name="INT1" type="BiDi"/>
        <pin num="12" name="GND" type="power_in"/>
        <pin num="13" name="ADC3" type="BiDi"/>
        <pin num="14" name="VDD" type="power_in"/>
        <pin num="15" name="ADC2" type="BiDi"/>
        <pin num="16" name="ADC1" type="BiDi"/>
      </pins>
    </libpart>
    <libpart lib="fge-lib-symbols" part="TPS62742">
      <fields>
        <field name="Reference">U</field>
        <field name="Value">TPS62742</field>
      </fields>
      <pins>
        <pin num="A1" name="SW" type="power_out"/>
        <pin num="A2" name="VIN" type="power_in"/>
        <pin num="B1" name="EN" type="BiDi"/>
        <pin num="B2" name="GND" type="power_in"/>
        <pin num="C1" name="VSEL1" type="BiDi"/>
        <pin num="C2" name="VOS" type="power_in"/>
        <pin num="D1" name="VSEL2" type="BiDi"/>
        <pin num="D2" name="VSEL3" type="BiDi"/>
      </pins>
    </libpart>
    <libpart lib="rgbw840-rescue" part="Crystal_GND24_Small-Device-rgbw-rescue">
      <footprints>
        <fp>Crystal*</fp>
      </footprints>
      <fields>
        <field name="Reference">Y</field>
        <field name="Value">Crystal_GND24_Small-Device-rgbw-rescue</field>
      </fields>
      <pins>
        <pin num="1" name="1" type="passive"/>
        <pin num="2" name="2" type="passive"/>
        <pin num="3" name="3" type="passive"/>
        <pin num="4" name="4" type="passive"/>
      </pins>
    </libpart>
  </libparts>
  <libraries>
    <library logical="Connector">
      <uri>/usr/share/kicad/library/Connector.lib</uri>
    </library>
    <library logical="Connector_Generic">
      <uri>/usr/share/kicad/library/Connector_Generic.lib</uri>
    </library>
    <library logical="Device">
      <uri>/usr/share/kicad/library/Device.lib</uri>
    </library>
    <library logical="Jumper">
      <uri>/usr/share/kicad/library/Jumper.lib</uri>
    </library>
    <library logical="MCU_Nordic">
      <uri>/usr/share/kicad/library/MCU_Nordic.lib</uri>
    </library>
    <library logical="Motor">
      <uri>/usr/share/kicad/library/Motor.lib</uri>
    </library>
    <library logical="Switch">
      <uri>/usr/share/kicad/library/Switch.lib</uri>
    </library>
    <library logical="fge-lib-symbols">
      <uri>/home/john/Seafile/Personal/a1rstudios/projects/Hardware/Tools/KiCad/Libraries/fge-lib-symbols.lib</uri>
    </library>
    <library logical="rgbw840-rescue">
      <uri>/home/john/Seafile/Personal/a1rstudios/projects/Hardware/rgbwatch/Kicad/rgbw840/rgbw840-rescue.lib</uri>
    </library>
  </libraries>
  <nets>
    <net code="1" name="/VBATT_P">
      <node ref="U2" pin="A2"/>
      <node ref="U2" pin="B1"/>
      <node ref="U2" pin="C1"/>
      <node ref="U2" pin="D1"/>
      <node ref="JP3" pin="1"/>
      <node ref="U4" pin="A2"/>
      <node ref="JP1" pin="1"/>
      <node ref="U6" pin="B1"/>
      <node ref="C1" pin="1"/>
      <node ref="D1" pin="1"/>
      <node ref="C20" pin="1"/>
    </net>
    <net code="2" name="GND">
      <node ref="JP1" pin="3"/>
      <node ref="R2" pin="2"/>
      <node ref="U5" pin="EP"/>
      <node ref="U6" pin="A3"/>
      <node ref="U7" pin="15"/>
      <node ref="Y2" pin="4"/>
      <node ref="U7" pin="13"/>
      <node ref="U7" pin="12"/>
      <node ref="U7" pin="10"/>
      <node ref="U7" pin="16"/>
      <node ref="TP2" pin="1"/>
      <node ref="U5" pin="F23"/>
      <node ref="C21" pin="1"/>
      <node ref="JP3" pin="3"/>
      <node ref="C16" pin="1"/>
      <node ref="C11" pin="1"/>
      <node ref="U2" pin="B2"/>
      <node ref="C22" pin="2"/>
      <node ref="R1" pin="2"/>
      <node ref="R5" pin="1"/>
      <node ref="C4" pin="2"/>
      <node ref="SW0" pin="2"/>
      <node ref="C19" pin="2"/>
      <node ref="C18" pin="2"/>
      <node ref="SW2" pin="2"/>
      <node ref="SW1" pin="2"/>
      <node ref="C10" pin="1"/>
      <node ref="Y2" pin="2"/>
      <node ref="L6" pin="1"/>
      <node ref="C8" pin="1"/>
      <node ref="C5" pin="1"/>
      <node ref="C6" pin="2"/>
      <node ref="C12" pin="2"/>
      <node ref="U1" pin="5"/>
      <node ref="C3" pin="2"/>
      <node ref="C2" pin="2"/>
      <node ref="C1" pin="2"/>
      <node ref="BT1" pin="2"/>
      <node ref="C13" pin="1"/>
      <node ref="C7" pin="1"/>
      <node ref="U3" pin="B1"/>
      <node ref="U7" pin="5"/>
      <node ref="U4" pin="B1"/>
      <node ref="C9" pin="2"/>
      <node ref="J2" pin="10"/>
      <node ref="J2" pin="11"/>
      <node ref="J2" pin="M"/>
      <node ref="J1" pin="M"/>
      <node ref="J8" pin="1"/>
      <node ref="C20" pin="2"/>
      <node ref="TP9" pin="1"/>
      <node ref="J1" pin="11"/>
      <node ref="J1" pin="10"/>
      <node ref="U5" pin="B7"/>
    </net>
    <net code="3" name="/CHG_ACTIVE">
      <node ref="U5" pin="AD12"/>
      <node ref="U1" pin="3"/>
    </net>
    <net code="4" name="/EXT_IO1">
      <node ref="J2" pin="8"/>
      <node ref="J1" pin="13"/>
      <node ref="U5" pin="W24"/>
    </net>
    <net code="5" name="/EXT_IO0">
      <node ref="J2" pin="7"/>
      <node ref="J1" pin="14"/>
      <node ref="U5" pin="AD22"/>
    </net>
    <net code="6" name="/EXT_MISO">
      <node ref="J1" pin="16"/>
      <node ref="U5" pin="AD18"/>
      <node ref="J2" pin="5"/>
    </net>
    <net code="7" name="Net-(J9-Pad1)">
      <node ref="U6" pin="A2"/>
      <node ref="J9" pin="1"/>
      <node ref="M1" pin="2"/>
    </net>
    <net code="8" name="Net-(D2-Pad2)">
      <node ref="D2" pin="2"/>
      <node ref="J5" pin="1"/>
    </net>
    <net code="9" name="/EXT_MOSI">
      <node ref="U5" pin="AD16"/>
      <node ref="J2" pin="4"/>
      <node ref="J1" pin="17"/>
    </net>
    <net code="10" name="/EXT_SCK">
      <node ref="J2" pin="6"/>
      <node ref="U5" pin="AD20"/>
      <node ref="J1" pin="15"/>
    </net>
    <net code="11" name="/SENS_SCL">
      <node ref="U5" pin="AD10"/>
      <node ref="J2" pin="16"/>
      <node ref="U7" pin="4"/>
      <node ref="J1" pin="5"/>
      <node ref="R7" pin="2"/>
    </net>
    <net code="12" name="VDD">
      <node ref="R6" pin="2"/>
      <node ref="TP1" pin="1"/>
      <node ref="J1" pin="19"/>
      <node ref="U3" pin="A2"/>
      <node ref="J4" pin="1"/>
      <node ref="JP2" pin="2"/>
      <node ref="J2" pin="2"/>
      <node ref="J1" pin="2"/>
      <node ref="J2" pin="19"/>
    </net>
    <net code="13" name="/EXT_AIN3_IO5">
      <node ref="J1" pin="9"/>
      <node ref="J2" pin="12"/>
    </net>
    <net code="14" name="/EXT_IO6">
      <node ref="J1" pin="12"/>
      <node ref="J2" pin="9"/>
    </net>
    <net code="15" name="/EXT_AIN2_IO4">
      <node ref="U5" pin="A12"/>
      <node ref="J2" pin="13"/>
      <node ref="J1" pin="8"/>
    </net>
    <net code="16" name="/VBATT">
      <node ref="J1" pin="20"/>
      <node ref="TP8" pin="1"/>
      <node ref="BT1" pin="1"/>
      <node ref="D1" pin="2"/>
      <node ref="J2" pin="20"/>
      <node ref="J2" pin="1"/>
      <node ref="J1" pin="1"/>
      <node ref="U1" pin="2"/>
    </net>
    <net code="17" name="/VDD_SENS">
      <node ref="J2" pin="3"/>
      <node ref="U3" pin="A1"/>
      <node ref="J1" pin="3"/>
      <node ref="U7" pin="14"/>
      <node ref="J2" pin="18"/>
      <node ref="U7" pin="1"/>
      <node ref="J1" pin="18"/>
      <node ref="C11" pin="2"/>
      <node ref="R8" pin="1"/>
      <node ref="R7" pin="1"/>
      <node ref="U7" pin="7"/>
      <node ref="U7" pin="8"/>
    </net>
    <net code="18" name="/SENS_SDA">
      <node ref="U7" pin="6"/>
      <node ref="J2" pin="17"/>
      <node ref="R8" pin="2"/>
      <node ref="U5" pin="AD8"/>
      <node ref="J1" pin="4"/>
    </net>
    <net code="19" name="/EXT_AIN0_IO2">
      <node ref="J1" pin="6"/>
      <node ref="U5" pin="A8"/>
      <node ref="J2" pin="15"/>
    </net>
    <net code="20" name="/EXT_AIN1_IO3">
      <node ref="U5" pin="A10"/>
      <node ref="J2" pin="14"/>
      <node ref="J1" pin="7"/>
    </net>
    <net code="21" name="/SWDIO">
      <node ref="J7" pin="1"/>
      <node ref="U5" pin="AC24"/>
    </net>
    <net code="22" name="/SWDCLK">
      <node ref="U5" pin="AA24"/>
      <node ref="J6" pin="1"/>
    </net>
    <net code="23" name="/V_CHG">
      <node ref="U1" pin="6"/>
      <node ref="D2" pin="1"/>
      <node ref="C4" pin="1"/>
    </net>
    <net code="24" name="Net-(U5-PadT2)">
      <node ref="U5" pin="T2"/>
    </net>
    <net code="25" name="Net-(U5-PadJ24)">
      <node ref="U5" pin="J24"/>
    </net>
    <net code="26" name="Net-(U5-PadK2)">
      <node ref="U5" pin="K2"/>
    </net>
    <net code="27" name="Net-(U5-PadL24)">
      <node ref="U5" pin="L24"/>
    </net>
    <net code="28" name="Net-(U5-PadM2)">
      <node ref="U5" pin="M2"/>
    </net>
    <net code="29" name="Net-(U5-PadP2)">
      <node ref="U5" pin="P2"/>
    </net>
    <net code="30" name="Net-(U5-PadP23)">
      <node ref="U5" pin="P23"/>
    </net>
    <net code="31" name="/SENS_EN">
      <node ref="U3" pin="B2"/>
      <node ref="U5" pin="R1"/>
    </net>
    <net code="32" name="Net-(U5-PadR24)">
      <node ref="U5" pin="R24"/>
    </net>
    <net code="33" name="Net-(U5-PadT23)">
      <node ref="U5" pin="T23"/>
    </net>
    <net code="34" name="Net-(U5-PadU1)">
      <node ref="U5" pin="U1"/>
    </net>
    <net code="35" name="/SW_2">
      <node ref="SW2" pin="1"/>
      <node ref="U5" pin="U24"/>
    </net>
    <net code="36" name="Net-(U5-PadV23)">
      <node ref="U5" pin="V23"/>
    </net>
    <net code="37" name="Net-(U5-PadY23)">
      <node ref="U5" pin="Y23"/>
    </net>
    <net code="38" name="Net-(U5-PadAD6)">
      <node ref="U5" pin="AD6"/>
    </net>
    <net code="39" name="Net-(U5-PadB11)">
      <node ref="U5" pin="B11"/>
    </net>
    <net code="40" name="Net-(U5-PadB13)">
      <node ref="U5" pin="B13"/>
    </net>
    <net code="41" name="Net-(U5-PadB15)">
      <node ref="U5" pin="B15"/>
    </net>
    <net code="42" name="Net-(U5-PadB17)">
      <node ref="U5" pin="B17"/>
    </net>
    <net code="43" name="Net-(U5-PadB19)">
      <node ref="U5" pin="B19"/>
    </net>
    <net code="44" name="Net-(U5-PadB3)">
      <node ref="U5" pin="B3"/>
    </net>
    <net code="45" name="Net-(U5-PadB9)">
      <node ref="U5" pin="B9"/>
    </net>
    <net code="46" name="Net-(C7-Pad2)">
      <node ref="U5" pin="D2"/>
      <node ref="Y1" pin="2"/>
      <node ref="C7" pin="2"/>
    </net>
    <net code="47" name="Net-(U5-PadH2)">
      <node ref="U5" pin="H2"/>
    </net>
    <net code="48" name="Net-(C22-Pad1)">
      <node ref="C22" pin="1"/>
      <node ref="U5" pin="N24"/>
    </net>
    <net code="49" name="/BATMON_OUT">
      <node ref="R4" pin="1"/>
      <node ref="R5" pin="2"/>
      <node ref="U5" pin="G1"/>
    </net>
    <net code="50" name="/SW_0">
      <node ref="SW0" pin="1"/>
      <node ref="U5" pin="A16"/>
    </net>
    <net code="51" name="/SW_1">
      <node ref="U5" pin="A20"/>
      <node ref="SW1" pin="1"/>
    </net>
    <net code="52" name="Net-(C16-Pad2)">
      <node ref="L5" pin="2"/>
      <node ref="C16" pin="2"/>
      <node ref="U5" pin="H23"/>
    </net>
    <net code="53" name="/BLE_RF_50R">
      <node ref="C14" pin="1"/>
      <node ref="L5" pin="1"/>
      <node ref="C21" pin="2"/>
    </net>
    <net code="54" name="Net-(U5-PadAD4)">
      <node ref="U5" pin="AD4"/>
    </net>
    <net code="55" name="Net-(L1-Pad1)">
      <node ref="L1" pin="1"/>
      <node ref="U2" pin="A1"/>
    </net>
    <net code="56" name="Net-(U5-PadAB2)">
      <node ref="U5" pin="AB2"/>
    </net>
    <net code="57" name="Net-(U5-PadAC11)">
      <node ref="U5" pin="AC11"/>
    </net>
    <net code="58" name="Net-(U5-PadAC13)">
      <node ref="U5" pin="AC13"/>
    </net>
    <net code="59" name="Net-(U5-PadAC15)">
      <node ref="U5" pin="AC15"/>
    </net>
    <net code="60" name="Net-(U5-PadAC17)">
      <node ref="U5" pin="AC17"/>
    </net>
    <net code="61" name="Net-(U5-PadAC19)">
      <node ref="U5" pin="AC19"/>
    </net>
    <net code="62" name="Net-(U5-PadAC21)">
      <node ref="U5" pin="AC21"/>
    </net>
    <net code="63" name="Net-(U5-PadAC5)">
      <node ref="U5" pin="AC5"/>
    </net>
    <net code="64" name="Net-(U5-PadAC9)">
      <node ref="U5" pin="AC9"/>
    </net>
    <net code="65" name="Net-(U5-PadAD2)">
      <node ref="U5" pin="AD2"/>
    </net>
    <net code="66" name="Net-(JP3-Pad2)">
      <node ref="JP3" pin="2"/>
      <node ref="U2" pin="D2"/>
    </net>
    <net code="67" name="Net-(U5-PadA18)">
      <node ref="U5" pin="A18"/>
    </net>
    <net code="68" name="Net-(R4-Pad2)">
      <node ref="U4" pin="A1"/>
      <node ref="R4" pin="2"/>
    </net>
    <net code="69" name="/BATMON_EN">
      <node ref="U5" pin="J1"/>
      <node ref="U4" pin="B2"/>
    </net>
    <net code="70" name="Net-(R1-Pad1)">
      <node ref="U1" pin="1"/>
      <node ref="R1" pin="1"/>
    </net>
    <net code="71" name="Net-(R2-Pad1)">
      <node ref="R2" pin="1"/>
      <node ref="U1" pin="4"/>
    </net>
    <net code="72" name="/HAPT_PWM">
      <node ref="U6" pin="B3"/>
      <node ref="U5" pin="A14"/>
    </net>
    <net code="73" name="Net-(JP1-Pad2)">
      <node ref="U6" pin="B2"/>
      <node ref="JP1" pin="2"/>
    </net>
    <net code="74" name="Net-(C9-Pad1)">
      <node ref="U5" pin="D23"/>
      <node ref="C9" pin="1"/>
    </net>
    <net code="75" name="Net-(J3-Pad1)">
      <node ref="R9" pin="1"/>
      <node ref="J3" pin="1"/>
      <node ref="M1" pin="1"/>
    </net>
    <net code="76" name="Net-(R9-Pad2)">
      <node ref="R9" pin="2"/>
      <node ref="U6" pin="A1"/>
    </net>
    <net code="77" name="Net-(C2-Pad1)">
      <node ref="C3" pin="1"/>
      <node ref="JP2" pin="1"/>
      <node ref="C2" pin="1"/>
      <node ref="U2" pin="C2"/>
      <node ref="L1" pin="2"/>
    </net>
    <net code="78" name="/ACC_INT2">
      <node ref="U5" pin="N1"/>
      <node ref="U7" pin="9"/>
      <node ref="TP4" pin="1"/>
    </net>
    <net code="79" name="/ACC_INT1">
      <node ref="U7" pin="11"/>
      <node ref="U5" pin="L1"/>
      <node ref="TP5" pin="1"/>
    </net>
    <net code="80" name="Net-(C13-Pad2)">
      <node ref="U5" pin="F2"/>
      <node ref="Y1" pin="1"/>
      <node ref="C13" pin="2"/>
    </net>
    <net code="81" name="/VDD_MCU">
      <node ref="C8" pin="2"/>
      <node ref="R6" pin="1"/>
      <node ref="C5" pin="2"/>
      <node ref="C10" pin="2"/>
      <node ref="U5" pin="B1"/>
      <node ref="U5" pin="AD23"/>
      <node ref="U5" pin="A22"/>
      <node ref="U5" pin="Y2"/>
      <node ref="U5" pin="W1"/>
      <node ref="U5" pin="AD14"/>
    </net>
    <net code="82" name="Net-(C19-Pad1)">
      <node ref="C19" pin="1"/>
      <node ref="U5" pin="A23"/>
      <node ref="Y2" pin="3"/>
    </net>
    <net code="83" name="Net-(C12-Pad1)">
      <node ref="U5" pin="C1"/>
      <node ref="C12" pin="1"/>
    </net>
    <net code="84" name="Net-(C6-Pad1)">
      <node ref="C6" pin="1"/>
      <node ref="U5" pin="B5"/>
      <node ref="U5" pin="E24"/>
    </net>
    <net code="85" name="Net-(C18-Pad1)">
      <node ref="U5" pin="B24"/>
      <node ref="C18" pin="1"/>
      <node ref="Y2" pin="1"/>
    </net>
    <net code="86" name="Net-(C14-Pad2)">
      <node ref="L6" pin="2"/>
      <node ref="C14" pin="2"/>
      <node ref="L4" pin="2"/>
    </net>
    <net code="87" name="Net-(AE1-Pad1)">
      <node ref="AE1" pin="1"/>
      <node ref="L4" pin="1"/>
    </net>
  </nets>
</export>
