Component,Description,Part,References,Value,Footprint,Quantity Per PCB,Datasheet
1,Antenna,Antenna,AE1,Antenna,2450AT18A100,1,~
2,Single-cell battery,Battery_Cell,BT1,lipo_conn,lipo_302424,1,~
3,"Unpolarized capacitor, small symbol",C_Small,C16,0.8p,C_0402_1005Metric,1,~
4,"Unpolarized capacitor, small symbol",C_Small,C5 C8 C11 C12,100n,C_0402_1005Metric,4,~
5,"Unpolarized capacitor, small symbol",C_Small,C9,100p,C_0402_1005Metric,1,~
6,"Unpolarized capacitor, small symbol",C_Small,C7 C13 C18 C19,12p,C_0201_0603Metric,4,~
7,"Unpolarized capacitor, small symbol",C_Small,C14,1p,C_0402_1005Metric,1,~
8,"Unpolarized capacitor, small symbol",C_Small,C4,1u,C_0603_1608Metric,1,~
9,"Unpolarized capacitor, small symbol",C_Small,C6,1u,C_0402_1005Metric,1,~
10,"Unpolarized capacitor, small symbol",C_Small,C1 C2 C3 C10 C20,4.7u,C_0603_1608Metric,5,~
11,"Unpolarized capacitor, small symbol",C_Small,C15 C17,tbd,C_0201_0603Metric,2,~
12,"Schottky diode, small symbol, filled shape",D_Schottky_Small_ALT,D1 D2,D_Protect,D_SOD-123F,2,~
13,"Generic connector, double row, 02x10, counter clockwise pin numbering scheme (similar to DIP packge numbering), script generated (kicad-library-utils/schlib/autogen/connector/)",Conn_02x10_Counter_Clockwise_M,J1,CONN_EXT_FRONT,molex-513380274,1,~
14,"Generic connector, double row, 02x10, counter clockwise pin numbering scheme (similar to DIP packge numbering), script generated (kicad-library-utils/schlib/autogen/connector/)",Conn_02x10_Counter_Clockwise_M,J2,CONN_EXT_REAR,molex-513380274,1,~
15,"Solder Jumper, 2-pole, open",SolderJumper_2_Open,JP2,VDD_CUT,SolderJumper-2_P1.3mm_Open_RoundedPad1.0x1.5mm,1,~
16,"Inductor, small symbol",L_Small,L3,10u,L_0603_1608Metric,1,~
17,"Inductor, small symbol",L_Small,L2,15n,L_0402_1005Metric,1,~
18,"Inductor, small symbol",L_Small,L1,2.2u,L_0805_2012Metric,1,~
19,"Inductor, small symbol",L_Small,L6,2.7n,L_0402_1005Metric,1,~
20,"Inductor, small symbol",L_Small,L4 L5,3.9n,L_0402_1005Metric,2,~
21,DC Motor,Motor_DC,M1,ERM,motor-erm-4mm,1,~
22,"Resistor, small symbol",R_Small,R6,0R,R_0603_1608Metric,1,~
23,"Resistor, small symbol",R_Small,R1 R4 R5,10k,R_0402_1005Metric,3,~
24,"Resistor, small symbol",R_Small,R2,2.4k,R_0402_1005Metric,1,~
25,"Resistor, small symbol",R_Small,R7 R8,4.7k,R_0402_1005Metric,2,~
26,"Resistor, small symbol",R_Small,R9,VADJ,R_0603_1608Metric,1,~
27,"Push button switch, generic, two pins",SW_Push,SW0 SW1 SW2,TACTSW,EVQ-9P701P,3,
28,,BQ21040,U1,BQ21040,SOT-23-6,1,
29,P-Channel Load switch 2A BGA (Onsemi),FPF1203,U3 U4,FPF1203,WLCSP-4_0.76mm,2,
30,LRA & ERM haptics/vibration driver 6-BGA (Onsemi),LC898302AXA,U6,LC898302AXA,WLCSP-6_0.78x1.18,1,
31,,LIS3DH,U7,LIS3DH,LGA-16_3x3mm_P0.5mm_LayoutBorder3x5y,1,
32,,TPS62742,U2,TPS62742,TI_YFP_R-XBGA-N8,1,
33,"Multiprotocol BLE/2.4GHz Cortex-M4 SoC, QFN-48",nRF52832-QFxx,U5,nRF52832-QFxx,QFN-48-nRF52832,1,http://infocenter.nordicsemi.com/pdf/nRF52832_PS_v1.4.pdf
34,Two pin crystal,Crystal,Y1,32768Hz,Crystal_SMD_2012-2Pin_2.0x1.2mm,1,~
35,,Crystal_GND24_Small-Device,Y2,32M,Crystal_SMD_2016-4Pin_2.0x1.6mm,1,~





Component Groups:,35
Component Count:,54
Fitted Components:,54
Number of PCBs:,1
Total components:,54
Schematic Version:,
Schematic Date:,
PCB Variant:,default
BoM Date:,sam. 19 oct. 2019 11:10:04 CEST
Schematic Source:,/home/john/Seafile/Personal/a1rstudios/projects/Hardware/rgbwatch/Kicad/rgbw/rgbw.sch
KiCad Version:,Eeschema 5.1.4
