<?xml version="1.0" encoding="UTF-8"?>
<export version="D">
  <design>
    <source>/home/john/Seafile/Personal/a1rstudios/projects/Hardware/rgbwatch/Kicad/rgbw/rgbw.sch</source>
    <date>sam. 19 oct. 2019 11:10:04 CEST</date>
    <tool>Eeschema 5.1.4</tool>
    <sheet number="1" name="/" tstamps="/">
      <title_block>
        <title/>
        <company/>
        <rev/>
        <date/>
        <source>rgbw.sch</source>
        <comment number="1" value=""/>
        <comment number="2" value=""/>
        <comment number="3" value=""/>
        <comment number="4" value=""/>
      </title_block>
    </sheet>
  </design>
  <components>
    <comp ref="BT1">
      <value>lipo_conn</value>
      <footprint>fge-lib-footprints:lipo_302424</footprint>
      <datasheet>~</datasheet>
      <libsource lib="Device" part="Battery_Cell" description="Single-cell battery"/>
      <sheetpath names="/" tstamps="/"/>
      <tstamp>5CF18D1A</tstamp>
    </comp>
    <comp ref="C1">
      <value>4.7u</value>
      <footprint>Capacitor_SMD:C_0603_1608Metric</footprint>
      <datasheet>~</datasheet>
      <libsource lib="Device" part="C_Small" description="Unpolarized capacitor, small symbol"/>
      <sheetpath names="/" tstamps="/"/>
      <tstamp>5D0013ED</tstamp>
    </comp>
    <comp ref="C2">
      <value>4.7u</value>
      <footprint>Capacitor_SMD:C_0603_1608Metric</footprint>
      <datasheet>~</datasheet>
      <libsource lib="Device" part="C_Small" description="Unpolarized capacitor, small symbol"/>
      <sheetpath names="/" tstamps="/"/>
      <tstamp>5D0063AD</tstamp>
    </comp>
    <comp ref="C3">
      <value>4.7u</value>
      <footprint>Capacitor_SMD:C_0603_1608Metric</footprint>
      <datasheet>~</datasheet>
      <libsource lib="Device" part="C_Small" description="Unpolarized capacitor, small symbol"/>
      <sheetpath names="/" tstamps="/"/>
      <tstamp>5D00893F</tstamp>
    </comp>
    <comp ref="U7">
      <value>LIS3DH</value>
      <footprint>fge-lib-footprints:LGA-16_3x3mm_P0.5mm_LayoutBorder3x5y</footprint>
      <libsource lib="fge-lib-symbols" part="LIS3DH" description=""/>
      <sheetpath names="/" tstamps="/"/>
      <tstamp>5D0A09A2</tstamp>
    </comp>
    <comp ref="TP4">
      <value>ACC_INT2</value>
      <footprint>TestPoint:TestPoint_Pad_D1.0mm</footprint>
      <datasheet>~</datasheet>
      <libsource lib="Connector" part="TestPoint" description="test point"/>
      <sheetpath names="/" tstamps="/"/>
      <tstamp>5D0A3497</tstamp>
    </comp>
    <comp ref="TP5">
      <value>ACC_INT</value>
      <footprint>TestPoint:TestPoint_Pad_D1.0mm</footprint>
      <datasheet>~</datasheet>
      <libsource lib="Connector" part="TestPoint" description="test point"/>
      <sheetpath names="/" tstamps="/"/>
      <tstamp>5D0A3604</tstamp>
    </comp>
    <comp ref="U4">
      <value>FPF1203</value>
      <footprint>fge-lib-footprints:WLCSP-4_0.76mm</footprint>
      <libsource lib="fge-lib-symbols" part="FPF1203" description="P-Channel Load switch 2A BGA (Onsemi)"/>
      <sheetpath names="/" tstamps="/"/>
      <tstamp>5D0A3F22</tstamp>
    </comp>
    <comp ref="U1">
      <value>BQ21040</value>
      <footprint>Package_TO_SOT_SMD:SOT-23-6</footprint>
      <libsource lib="fge-lib-symbols" part="BQ21040" description=""/>
      <sheetpath names="/" tstamps="/"/>
      <tstamp>5D0A49B8</tstamp>
    </comp>
    <comp ref="R1">
      <value>10k</value>
      <footprint>Resistor_SMD:R_0402_1005Metric</footprint>
      <datasheet>~</datasheet>
      <libsource lib="Device" part="R_Small" description="Resistor, small symbol"/>
      <sheetpath names="/" tstamps="/"/>
      <tstamp>5D0A5BA0</tstamp>
    </comp>
    <comp ref="R2">
      <value>2.4k</value>
      <footprint>Resistor_SMD:R_0402_1005Metric</footprint>
      <datasheet>~</datasheet>
      <libsource lib="Device" part="R_Small" description="Resistor, small symbol"/>
      <sheetpath names="/" tstamps="/"/>
      <tstamp>5D0A8CEE</tstamp>
    </comp>
    <comp ref="C4">
      <value>1u</value>
      <footprint>Capacitor_SMD:C_0603_1608Metric</footprint>
      <datasheet>~</datasheet>
      <libsource lib="Device" part="C_Small" description="Unpolarized capacitor, small symbol"/>
      <sheetpath names="/" tstamps="/"/>
      <tstamp>5D0AB2B2</tstamp>
    </comp>
    <comp ref="R4">
      <value>10k</value>
      <footprint>Resistor_SMD:R_0402_1005Metric</footprint>
      <datasheet>~</datasheet>
      <libsource lib="Device" part="R_Small" description="Resistor, small symbol"/>
      <sheetpath names="/" tstamps="/"/>
      <tstamp>5D0B1729</tstamp>
    </comp>
    <comp ref="R5">
      <value>10k</value>
      <footprint>Resistor_SMD:R_0402_1005Metric</footprint>
      <datasheet>~</datasheet>
      <libsource lib="Device" part="R_Small" description="Resistor, small symbol"/>
      <sheetpath names="/" tstamps="/"/>
      <tstamp>5D0B179D</tstamp>
    </comp>
    <comp ref="TP1">
      <value>VDD</value>
      <footprint>TestPoint:TestPoint_Pad_D1.0mm</footprint>
      <datasheet>~</datasheet>
      <libsource lib="Connector" part="TestPoint" description="test point"/>
      <sheetpath names="/" tstamps="/"/>
      <tstamp>5D0BE27F</tstamp>
    </comp>
    <comp ref="TP2">
      <value>GND</value>
      <footprint>TestPoint:TestPoint_Pad_D1.0mm</footprint>
      <datasheet>~</datasheet>
      <libsource lib="Connector" part="TestPoint" description="test point"/>
      <sheetpath names="/" tstamps="/"/>
      <tstamp>5D0BFDFB</tstamp>
    </comp>
    <comp ref="U6">
      <value>LC898302AXA</value>
      <footprint>fge-lib-footprints:WLCSP-6_0.78x1.18</footprint>
      <libsource lib="fge-lib-symbols" part="LC898302AXA" description="LRA &amp; ERM haptics/vibration driver 6-BGA (Onsemi)"/>
      <sheetpath names="/" tstamps="/"/>
      <tstamp>5D0C1DA5</tstamp>
    </comp>
    <comp ref="M1">
      <value>ERM</value>
      <footprint>fge-lib-footprints:motor-erm-4mm</footprint>
      <datasheet>~</datasheet>
      <libsource lib="Motor" part="Motor_DC" description="DC Motor"/>
      <sheetpath names="/" tstamps="/"/>
      <tstamp>5D0C7D3B</tstamp>
    </comp>
    <comp ref="R9">
      <value>VADJ</value>
      <footprint>Resistor_SMD:R_0603_1608Metric</footprint>
      <datasheet>~</datasheet>
      <libsource lib="Device" part="R_Small" description="Resistor, small symbol"/>
      <sheetpath names="/" tstamps="/"/>
      <tstamp>5D0C7E28</tstamp>
    </comp>
    <comp ref="JP1">
      <value>HAPMODE</value>
      <footprint>Jumper:SolderJumper-3_P1.3mm_Bridged12_RoundedPad1.0x1.5mm_NumberLabels</footprint>
      <datasheet>~</datasheet>
      <libsource lib="Jumper" part="SolderJumper_3_Bridged12" description="3-pole Solder Jumper, pins 1+2 closed/bridged"/>
      <sheetpath names="/" tstamps="/"/>
      <tstamp>5D0D67EA</tstamp>
    </comp>
    <comp ref="L3">
      <value>10u</value>
      <footprint>Inductor_SMD:L_0603_1608Metric</footprint>
      <datasheet>~</datasheet>
      <libsource lib="Device" part="L_Small" description="Inductor, small symbol"/>
      <sheetpath names="/" tstamps="/"/>
      <tstamp>5D10D607</tstamp>
    </comp>
    <comp ref="L2">
      <value>15n</value>
      <footprint>Inductor_SMD:L_0402_1005Metric</footprint>
      <datasheet>~</datasheet>
      <libsource lib="Device" part="L_Small" description="Inductor, small symbol"/>
      <sheetpath names="/" tstamps="/"/>
      <tstamp>5D10D60E</tstamp>
    </comp>
    <comp ref="C9">
      <value>100p</value>
      <footprint>Capacitor_SMD:C_0402_1005Metric</footprint>
      <datasheet>~</datasheet>
      <libsource lib="Device" part="C_Small" description="Unpolarized capacitor, small symbol"/>
      <sheetpath names="/" tstamps="/"/>
      <tstamp>5D10D629</tstamp>
    </comp>
    <comp ref="C12">
      <value>100n</value>
      <footprint>Capacitor_SMD:C_0402_1005Metric</footprint>
      <datasheet>~</datasheet>
      <libsource lib="Device" part="C_Small" description="Unpolarized capacitor, small symbol"/>
      <sheetpath names="/" tstamps="/"/>
      <tstamp>5D10D636</tstamp>
    </comp>
    <comp ref="C6">
      <value>1u</value>
      <footprint>Capacitor_SMD:C_0402_1005Metric</footprint>
      <datasheet>~</datasheet>
      <libsource lib="Device" part="C_Small" description="Unpolarized capacitor, small symbol"/>
      <sheetpath names="/" tstamps="/"/>
      <tstamp>5D10D64E</tstamp>
    </comp>
    <comp ref="C5">
      <value>100n</value>
      <footprint>Capacitor_SMD:C_0402_1005Metric</footprint>
      <datasheet>~</datasheet>
      <libsource lib="Device" part="C_Small" description="Unpolarized capacitor, small symbol"/>
      <sheetpath names="/" tstamps="/"/>
      <tstamp>5D10D659</tstamp>
    </comp>
    <comp ref="C8">
      <value>100n</value>
      <footprint>Capacitor_SMD:C_0402_1005Metric</footprint>
      <datasheet>~</datasheet>
      <libsource lib="Device" part="C_Small" description="Unpolarized capacitor, small symbol"/>
      <sheetpath names="/" tstamps="/"/>
      <tstamp>5D10D660</tstamp>
    </comp>
    <comp ref="C10">
      <value>4.7u</value>
      <footprint>Capacitor_SMD:C_0603_1608Metric</footprint>
      <datasheet>~</datasheet>
      <libsource lib="Device" part="C_Small" description="Unpolarized capacitor, small symbol"/>
      <sheetpath names="/" tstamps="/"/>
      <tstamp>5D10D667</tstamp>
    </comp>
    <comp ref="C18">
      <value>12p</value>
      <footprint>Capacitor_SMD:C_0201_0603Metric</footprint>
      <datasheet>~</datasheet>
      <libsource lib="Device" part="C_Small" description="Unpolarized capacitor, small symbol"/>
      <sheetpath names="/" tstamps="/"/>
      <tstamp>5D10D681</tstamp>
    </comp>
    <comp ref="C19">
      <value>12p</value>
      <footprint>Capacitor_SMD:C_0201_0603Metric</footprint>
      <datasheet>~</datasheet>
      <libsource lib="Device" part="C_Small" description="Unpolarized capacitor, small symbol"/>
      <sheetpath names="/" tstamps="/"/>
      <tstamp>5D10D688</tstamp>
    </comp>
    <comp ref="L5">
      <value>3.9n</value>
      <footprint>Inductor_SMD:L_0402_1005Metric</footprint>
      <datasheet>~</datasheet>
      <libsource lib="Device" part="L_Small" description="Inductor, small symbol"/>
      <sheetpath names="/" tstamps="/"/>
      <tstamp>5D10D697</tstamp>
    </comp>
    <comp ref="C16">
      <value>0.8p</value>
      <footprint>Capacitor_SMD:C_0402_1005Metric</footprint>
      <datasheet>~</datasheet>
      <libsource lib="Device" part="C_Small" description="Unpolarized capacitor, small symbol"/>
      <sheetpath names="/" tstamps="/"/>
      <tstamp>5D10D69E</tstamp>
    </comp>
    <comp ref="C14">
      <value>1p</value>
      <footprint>Capacitor_SMD:C_0402_1005Metric</footprint>
      <datasheet>~</datasheet>
      <libsource lib="Device" part="C_Small" description="Unpolarized capacitor, small symbol"/>
      <sheetpath names="/" tstamps="/"/>
      <tstamp>5D10D6C8</tstamp>
    </comp>
    <comp ref="L6">
      <value>2.7n</value>
      <footprint>Inductor_SMD:L_0402_1005Metric</footprint>
      <datasheet>~</datasheet>
      <libsource lib="Device" part="L_Small" description="Inductor, small symbol"/>
      <sheetpath names="/" tstamps="/"/>
      <tstamp>5D10D6CF</tstamp>
    </comp>
    <comp ref="L4">
      <value>3.9n</value>
      <footprint>Inductor_SMD:L_0402_1005Metric</footprint>
      <datasheet>~</datasheet>
      <libsource lib="Device" part="L_Small" description="Inductor, small symbol"/>
      <sheetpath names="/" tstamps="/"/>
      <tstamp>5D10D6DF</tstamp>
    </comp>
    <comp ref="AE1">
      <value>Antenna</value>
      <footprint>fge-lib-footprints:2450AT18A100</footprint>
      <datasheet>~</datasheet>
      <libsource lib="Device" part="Antenna" description="Antenna"/>
      <sheetpath names="/" tstamps="/"/>
      <tstamp>5D10D6E8</tstamp>
    </comp>
    <comp ref="R6">
      <value>0R</value>
      <footprint>Resistor_SMD:R_0603_1608Metric</footprint>
      <datasheet>~</datasheet>
      <libsource lib="Device" part="R_Small" description="Resistor, small symbol"/>
      <sheetpath names="/" tstamps="/"/>
      <tstamp>5D10D745</tstamp>
    </comp>
    <comp ref="Y2">
      <value>32M</value>
      <footprint>fge-lib-footprints:Crystal_SMD_2016-4Pin_2.0x1.6mm</footprint>
      <datasheet>~</datasheet>
      <libsource lib="rgbw-rescue" part="Crystal_GND24_Small-Device" description=""/>
      <sheetpath names="/" tstamps="/"/>
      <tstamp>5D10D74F</tstamp>
    </comp>
    <comp ref="R7">
      <value>4.7k</value>
      <footprint>Resistor_SMD:R_0402_1005Metric</footprint>
      <datasheet>~</datasheet>
      <libsource lib="Device" part="R_Small" description="Resistor, small symbol"/>
      <sheetpath names="/" tstamps="/"/>
      <tstamp>5D11A61A</tstamp>
    </comp>
    <comp ref="R8">
      <value>4.7k</value>
      <footprint>Resistor_SMD:R_0402_1005Metric</footprint>
      <datasheet>~</datasheet>
      <libsource lib="Device" part="R_Small" description="Resistor, small symbol"/>
      <sheetpath names="/" tstamps="/"/>
      <tstamp>5D11A838</tstamp>
    </comp>
    <comp ref="U3">
      <value>FPF1203</value>
      <footprint>fge-lib-footprints:WLCSP-4_0.76mm</footprint>
      <libsource lib="fge-lib-symbols" part="FPF1203" description="P-Channel Load switch 2A BGA (Onsemi)"/>
      <sheetpath names="/" tstamps="/"/>
      <tstamp>5D13A48A</tstamp>
    </comp>
    <comp ref="Y1">
      <value>32768Hz</value>
      <footprint>fge-lib-footprints:Crystal_SMD_2012-2Pin_2.0x1.2mm</footprint>
      <datasheet>~</datasheet>
      <libsource lib="Device" part="Crystal" description="Two pin crystal"/>
      <sheetpath names="/" tstamps="/"/>
      <tstamp>5D1C3800</tstamp>
    </comp>
    <comp ref="C7">
      <value>12p</value>
      <footprint>Capacitor_SMD:C_0201_0603Metric</footprint>
      <datasheet>~</datasheet>
      <libsource lib="Device" part="C_Small" description="Unpolarized capacitor, small symbol"/>
      <sheetpath names="/" tstamps="/"/>
      <tstamp>5D1C3A6B</tstamp>
    </comp>
    <comp ref="C13">
      <value>12p</value>
      <footprint>Capacitor_SMD:C_0201_0603Metric</footprint>
      <datasheet>~</datasheet>
      <libsource lib="Device" part="C_Small" description="Unpolarized capacitor, small symbol"/>
      <sheetpath names="/" tstamps="/"/>
      <tstamp>5D1C3B45</tstamp>
    </comp>
    <comp ref="C15">
      <value>tbd</value>
      <footprint>Capacitor_SMD:C_0201_0603Metric</footprint>
      <datasheet>~</datasheet>
      <libsource lib="Device" part="C_Small" description="Unpolarized capacitor, small symbol"/>
      <sheetpath names="/" tstamps="/"/>
      <tstamp>5D0DB71A</tstamp>
    </comp>
    <comp ref="C17">
      <value>tbd</value>
      <footprint>Capacitor_SMD:C_0201_0603Metric</footprint>
      <datasheet>~</datasheet>
      <libsource lib="Device" part="C_Small" description="Unpolarized capacitor, small symbol"/>
      <sheetpath names="/" tstamps="/"/>
      <tstamp>5D0DB7DC</tstamp>
    </comp>
    <comp ref="SW0">
      <value>TACTSW</value>
      <footprint>fge-lib-footprints:EVQ-9P701P</footprint>
      <libsource lib="Switch" part="SW_Push" description="Push button switch, generic, two pins"/>
      <sheetpath names="/" tstamps="/"/>
      <tstamp>5D2309F3</tstamp>
    </comp>
    <comp ref="SW1">
      <value>TACTSW</value>
      <footprint>fge-lib-footprints:EVQ-9P701P</footprint>
      <libsource lib="Switch" part="SW_Push" description="Push button switch, generic, two pins"/>
      <sheetpath names="/" tstamps="/"/>
      <tstamp>5D26F1E6</tstamp>
    </comp>
    <comp ref="SW2">
      <value>TACTSW</value>
      <footprint>fge-lib-footprints:EVQ-9P701P</footprint>
      <libsource lib="Switch" part="SW_Push" description="Push button switch, generic, two pins"/>
      <sheetpath names="/" tstamps="/"/>
      <tstamp>5D26F282</tstamp>
    </comp>
    <comp ref="J7">
      <value>SWDIO</value>
      <footprint>TestPoint:TestPoint_Pad_D1.5mm</footprint>
      <datasheet>~</datasheet>
      <libsource lib="Connector_Generic" part="Conn_01x01" description="Generic connector, single row, 01x01, script generated (kicad-library-utils/schlib/autogen/connector/)"/>
      <sheetpath names="/" tstamps="/"/>
      <tstamp>5D0F9B69</tstamp>
    </comp>
    <comp ref="J6">
      <value>SWDCLK</value>
      <footprint>TestPoint:TestPoint_Pad_D1.5mm</footprint>
      <datasheet>~</datasheet>
      <libsource lib="Connector_Generic" part="Conn_01x01" description="Generic connector, single row, 01x01, script generated (kicad-library-utils/schlib/autogen/connector/)"/>
      <sheetpath names="/" tstamps="/"/>
      <tstamp>5D0F9B73</tstamp>
    </comp>
    <comp ref="J4">
      <value>VDD</value>
      <footprint>TestPoint:TestPoint_Pad_D1.5mm</footprint>
      <datasheet>~</datasheet>
      <libsource lib="Connector_Generic" part="Conn_01x01" description="Generic connector, single row, 01x01, script generated (kicad-library-utils/schlib/autogen/connector/)"/>
      <sheetpath names="/" tstamps="/"/>
      <tstamp>5D0F9B7D</tstamp>
    </comp>
    <comp ref="J8">
      <value>GND</value>
      <footprint>TestPoint:TestPoint_Pad_D1.5mm</footprint>
      <datasheet>~</datasheet>
      <libsource lib="Connector_Generic" part="Conn_01x01" description="Generic connector, single row, 01x01, script generated (kicad-library-utils/schlib/autogen/connector/)"/>
      <sheetpath names="/" tstamps="/"/>
      <tstamp>5D0F9B8A</tstamp>
    </comp>
    <comp ref="TP3">
      <value>~MCU_RST</value>
      <footprint>TestPoint:TestPoint_Pad_D1.0mm</footprint>
      <datasheet>~</datasheet>
      <libsource lib="Connector" part="TestPoint" description="test point"/>
      <sheetpath names="/" tstamps="/"/>
      <tstamp>5D18A682</tstamp>
    </comp>
    <comp ref="D2">
      <value>D_Protect</value>
      <footprint>Diode_SMD:D_SOD-123F</footprint>
      <datasheet>~</datasheet>
      <libsource lib="Device" part="D_Schottky_Small_ALT" description="Schottky diode, small symbol, filled shape"/>
      <sheetpath names="/" tstamps="/"/>
      <tstamp>5D25636A</tstamp>
    </comp>
    <comp ref="J5">
      <value>VCHG</value>
      <footprint>TestPoint:TestPoint_Pad_D1.5mm</footprint>
      <datasheet>~</datasheet>
      <libsource lib="Connector_Generic" part="Conn_01x01" description="Generic connector, single row, 01x01, script generated (kicad-library-utils/schlib/autogen/connector/)"/>
      <sheetpath names="/" tstamps="/"/>
      <tstamp>5D26B5D0</tstamp>
    </comp>
    <comp ref="JP2">
      <value>VDD_CUT</value>
      <footprint>Jumper:SolderJumper-2_P1.3mm_Open_RoundedPad1.0x1.5mm</footprint>
      <datasheet>~</datasheet>
      <libsource lib="Jumper" part="SolderJumper_2_Open" description="Solder Jumper, 2-pole, open"/>
      <sheetpath names="/" tstamps="/"/>
      <tstamp>5D611BA8</tstamp>
    </comp>
    <comp ref="TP6">
      <value>NFC+</value>
      <footprint>TestPoint:TestPoint_Pad_D1.0mm</footprint>
      <datasheet>~</datasheet>
      <libsource lib="Connector" part="TestPoint" description="test point"/>
      <sheetpath names="/" tstamps="/"/>
      <tstamp>5D644531</tstamp>
    </comp>
    <comp ref="TP7">
      <value>NFC-</value>
      <footprint>TestPoint:TestPoint_Pad_D1.0mm</footprint>
      <datasheet>~</datasheet>
      <libsource lib="Connector" part="TestPoint" description="test point"/>
      <sheetpath names="/" tstamps="/"/>
      <tstamp>5D65A232</tstamp>
    </comp>
    <comp ref="J3">
      <value>M+</value>
      <footprint>TestPoint:TestPoint_Pad_D2.0mm</footprint>
      <datasheet>~</datasheet>
      <libsource lib="Connector_Generic" part="Conn_01x01" description="Generic connector, single row, 01x01, script generated (kicad-library-utils/schlib/autogen/connector/)"/>
      <sheetpath names="/" tstamps="/"/>
      <tstamp>5D6B1B78</tstamp>
    </comp>
    <comp ref="J9">
      <value>M-</value>
      <footprint>TestPoint:TestPoint_Pad_D2.0mm</footprint>
      <datasheet>~</datasheet>
      <libsource lib="Connector_Generic" part="Conn_01x01" description="Generic connector, single row, 01x01, script generated (kicad-library-utils/schlib/autogen/connector/)"/>
      <sheetpath names="/" tstamps="/"/>
      <tstamp>5D6B2406</tstamp>
    </comp>
    <comp ref="TP8">
      <value>VBATT</value>
      <footprint>TestPoint:TestPoint_Pad_D2.0mm</footprint>
      <datasheet>~</datasheet>
      <libsource lib="Connector" part="TestPoint" description="test point"/>
      <sheetpath names="/" tstamps="/"/>
      <tstamp>5D71B290</tstamp>
    </comp>
    <comp ref="TP9">
      <value>GND</value>
      <footprint>TestPoint:TestPoint_Pad_D2.0mm</footprint>
      <datasheet>~</datasheet>
      <libsource lib="Connector" part="TestPoint" description="test point"/>
      <sheetpath names="/" tstamps="/"/>
      <tstamp>5D71C2A1</tstamp>
    </comp>
    <comp ref="D1">
      <value>D_Protect</value>
      <footprint>Diode_SMD:D_SOD-123F</footprint>
      <datasheet>~</datasheet>
      <libsource lib="Device" part="D_Schottky_Small_ALT" description="Schottky diode, small symbol, filled shape"/>
      <sheetpath names="/" tstamps="/"/>
      <tstamp>5D00B62B</tstamp>
    </comp>
    <comp ref="C20">
      <value>4.7u</value>
      <footprint>Capacitor_SMD:C_0603_1608Metric</footprint>
      <datasheet>~</datasheet>
      <libsource lib="Device" part="C_Small" description="Unpolarized capacitor, small symbol"/>
      <sheetpath names="/" tstamps="/"/>
      <tstamp>5D43BBC4</tstamp>
    </comp>
    <comp ref="J1">
      <value>CONN_EXT_FRONT</value>
      <footprint>fge-lib-footprints:molex-513380274</footprint>
      <datasheet>~</datasheet>
      <libsource lib="fge-lib-symbols" part="Conn_02x10_Counter_Clockwise_M" description="Generic connector, double row, 02x10, counter clockwise pin numbering scheme (similar to DIP packge numbering), script generated (kicad-library-utils/schlib/autogen/connector/)"/>
      <sheetpath names="/" tstamps="/"/>
      <tstamp>5D34465B</tstamp>
    </comp>
    <comp ref="J2">
      <value>CONN_EXT_REAR</value>
      <footprint>fge-lib-footprints:molex-513380274</footprint>
      <datasheet>~</datasheet>
      <libsource lib="fge-lib-symbols" part="Conn_02x10_Counter_Clockwise_M" description="Generic connector, double row, 02x10, counter clockwise pin numbering scheme (similar to DIP packge numbering), script generated (kicad-library-utils/schlib/autogen/connector/)"/>
      <sheetpath names="/" tstamps="/"/>
      <tstamp>5D35F879</tstamp>
    </comp>
    <comp ref="U5">
      <value>nRF52832-QFxx</value>
      <footprint>fge-lib-footprints:QFN-48-nRF52832</footprint>
      <datasheet>http://infocenter.nordicsemi.com/pdf/nRF52832_PS_v1.4.pdf</datasheet>
      <libsource lib="MCU_Nordic" part="nRF52832-QFxx" description="Multiprotocol BLE/2.4GHz Cortex-M4 SoC, QFN-48"/>
      <sheetpath names="/" tstamps="/"/>
      <tstamp>5D18E97F</tstamp>
    </comp>
    <comp ref="U2">
      <value>TPS62742</value>
      <footprint>fge-lib-footprints:TI_YFP_R-XBGA-N8</footprint>
      <libsource lib="fge-lib-symbols" part="TPS62742" description=""/>
      <sheetpath names="/" tstamps="/"/>
      <tstamp>5D3CB53F</tstamp>
    </comp>
    <comp ref="L1">
      <value>2.2u</value>
      <footprint>Inductor_SMD:L_0805_2012Metric</footprint>
      <datasheet>~</datasheet>
      <libsource lib="Device" part="L_Small" description="Inductor, small symbol"/>
      <sheetpath names="/" tstamps="/"/>
      <tstamp>5D46C46B</tstamp>
    </comp>
    <comp ref="JP3">
      <value>VSEL</value>
      <footprint>Jumper:SolderJumper-3_P1.3mm_Bridged12_RoundedPad1.0x1.5mm_NumberLabels</footprint>
      <datasheet>~</datasheet>
      <libsource lib="Jumper" part="SolderJumper_3_Bridged12" description="3-pole Solder Jumper, pins 1+2 closed/bridged"/>
      <sheetpath names="/" tstamps="/"/>
      <tstamp>5D509C3B</tstamp>
    </comp>
    <comp ref="C11">
      <value>100n</value>
      <footprint>Capacitor_SMD:C_0402_1005Metric</footprint>
      <datasheet>~</datasheet>
      <libsource lib="Device" part="C_Small" description="Unpolarized capacitor, small symbol"/>
      <sheetpath names="/" tstamps="/"/>
      <tstamp>5D668327</tstamp>
    </comp>
    <comp ref="TP10">
      <value>SWO</value>
      <footprint>TestPoint:TestPoint_Pad_D1.5mm</footprint>
      <datasheet>~</datasheet>
      <libsource lib="Connector" part="TestPoint" description="test point"/>
      <sheetpath names="/" tstamps="/"/>
      <tstamp>5D5FD7D1</tstamp>
    </comp>
  </components>
  <libparts>
    <libpart lib="Connector" part="TestPoint">
      <description>test point</description>
      <docs>~</docs>
      <footprints>
        <fp>Pin*</fp>
        <fp>Test*</fp>
      </footprints>
      <fields>
        <field name="Reference">TP</field>
        <field name="Value">TestPoint</field>
      </fields>
      <pins>
        <pin num="1" name="1" type="passive"/>
      </pins>
    </libpart>
    <libpart lib="Connector_Generic" part="Conn_01x01">
      <description>Generic connector, single row, 01x01, script generated (kicad-library-utils/schlib/autogen/connector/)</description>
      <docs>~</docs>
      <footprints>
        <fp>Connector*:*_1x??_*</fp>
      </footprints>
      <fields>
        <field name="Reference">J</field>
        <field name="Value">Conn_01x01</field>
      </fields>
      <pins>
        <pin num="1" name="Pin_1" type="passive"/>
      </pins>
    </libpart>
    <libpart lib="Device" part="Antenna">
      <description>Antenna</description>
      <docs>~</docs>
      <fields>
        <field name="Reference">AE</field>
        <field name="Value">Antenna</field>
      </fields>
      <pins>
        <pin num="1" name="A" type="input"/>
      </pins>
    </libpart>
    <libpart lib="Device" part="Battery_Cell">
      <description>Single-cell battery</description>
      <docs>~</docs>
      <fields>
        <field name="Reference">BT</field>
        <field name="Value">Battery_Cell</field>
      </fields>
      <pins>
        <pin num="1" name="+" type="passive"/>
        <pin num="2" name="-" type="passive"/>
      </pins>
    </libpart>
    <libpart lib="Device" part="C_Small">
      <description>Unpolarized capacitor, small symbol</description>
      <docs>~</docs>
      <footprints>
        <fp>C_*</fp>
      </footprints>
      <fields>
        <field name="Reference">C</field>
        <field name="Value">C_Small</field>
      </fields>
      <pins>
        <pin num="1" name="~" type="passive"/>
        <pin num="2" name="~" type="passive"/>
      </pins>
    </libpart>
    <libpart lib="Device" part="Crystal">
      <description>Two pin crystal</description>
      <docs>~</docs>
      <footprints>
        <fp>Crystal*</fp>
      </footprints>
      <fields>
        <field name="Reference">Y</field>
        <field name="Value">Crystal</field>
      </fields>
      <pins>
        <pin num="1" name="1" type="passive"/>
        <pin num="2" name="2" type="passive"/>
      </pins>
    </libpart>
    <libpart lib="Device" part="D_Schottky_Small_ALT">
      <description>Schottky diode, small symbol, filled shape</description>
      <docs>~</docs>
      <footprints>
        <fp>TO-???*</fp>
        <fp>*_Diode_*</fp>
        <fp>*SingleDiode*</fp>
        <fp>D_*</fp>
      </footprints>
      <fields>
        <field name="Reference">D</field>
        <field name="Value">D_Schottky_Small_ALT</field>
      </fields>
      <pins>
        <pin num="1" name="K" type="passive"/>
        <pin num="2" name="A" type="passive"/>
      </pins>
    </libpart>
    <libpart lib="Device" part="L_Small">
      <description>Inductor, small symbol</description>
      <docs>~</docs>
      <footprints>
        <fp>Choke_*</fp>
        <fp>*Coil*</fp>
        <fp>Inductor_*</fp>
        <fp>L_*</fp>
      </footprints>
      <fields>
        <field name="Reference">L</field>
        <field name="Value">L_Small</field>
      </fields>
      <pins>
        <pin num="1" name="~" type="passive"/>
        <pin num="2" name="~" type="passive"/>
      </pins>
    </libpart>
    <libpart lib="Device" part="R_Small">
      <description>Resistor, small symbol</description>
      <docs>~</docs>
      <footprints>
        <fp>R_*</fp>
      </footprints>
      <fields>
        <field name="Reference">R</field>
        <field name="Value">R_Small</field>
      </fields>
      <pins>
        <pin num="1" name="~" type="passive"/>
        <pin num="2" name="~" type="passive"/>
      </pins>
    </libpart>
    <libpart lib="Jumper" part="SolderJumper_2_Open">
      <description>Solder Jumper, 2-pole, open</description>
      <docs>~</docs>
      <footprints>
        <fp>SolderJumper*Open*</fp>
      </footprints>
      <fields>
        <field name="Reference">JP</field>
        <field name="Value">SolderJumper_2_Open</field>
      </fields>
      <pins>
        <pin num="1" name="A" type="passive"/>
        <pin num="2" name="B" type="passive"/>
      </pins>
    </libpart>
    <libpart lib="Jumper" part="SolderJumper_3_Bridged12">
      <description>3-pole Solder Jumper, pins 1+2 closed/bridged</description>
      <docs>~</docs>
      <footprints>
        <fp>SolderJumper*Bridged12*</fp>
      </footprints>
      <fields>
        <field name="Reference">JP</field>
        <field name="Value">SolderJumper_3_Bridged12</field>
      </fields>
      <pins>
        <pin num="1" name="A" type="passive"/>
        <pin num="2" name="C" type="input"/>
        <pin num="3" name="B" type="passive"/>
      </pins>
    </libpart>
    <libpart lib="MCU_Nordic" part="nRF52832-QFxx">
      <description>Multiprotocol BLE/2.4GHz Cortex-M4 SoC, QFN-48</description>
      <docs>http://infocenter.nordicsemi.com/pdf/nRF52832_PS_v1.4.pdf</docs>
      <footprints>
        <fp>QFN*1EP*6x6mm*P0.4mm*</fp>
      </footprints>
      <fields>
        <field name="Reference">U</field>
        <field name="Value">nRF52832-QFxx</field>
        <field name="Footprint">Package_DFN_QFN:QFN-48-1EP_6x6mm_P0.4mm_EP4.6x4.6mm</field>
      </fields>
      <pins>
        <pin num="1" name="DEC1" type="passive"/>
        <pin num="2" name="P0.00/XL1" type="BiDi"/>
        <pin num="3" name="P0.01/XL2" type="BiDi"/>
        <pin num="4" name="P0.02/AIN0" type="BiDi"/>
        <pin num="5" name="P0.03/AIN1" type="BiDi"/>
        <pin num="6" name="P0.04/AIN2" type="BiDi"/>
        <pin num="7" name="P0.05/AIN3" type="BiDi"/>
        <pin num="8" name="P0.06" type="BiDi"/>
        <pin num="9" name="P0.07" type="BiDi"/>
        <pin num="10" name="P0.08" type="BiDi"/>
        <pin num="11" name="NFC1/P0.09" type="BiDi"/>
        <pin num="12" name="NFC2/P0.10" type="BiDi"/>
        <pin num="13" name="VDD" type="power_in"/>
        <pin num="14" name="P0.11" type="BiDi"/>
        <pin num="15" name="P0.12" type="BiDi"/>
        <pin num="16" name="P0.13" type="BiDi"/>
        <pin num="17" name="P0.14" type="BiDi"/>
        <pin num="18" name="P0.15" type="BiDi"/>
        <pin num="19" name="P0.16" type="BiDi"/>
        <pin num="20" name="P0.17" type="BiDi"/>
        <pin num="21" name="P0.18/SWO" type="BiDi"/>
        <pin num="22" name="P0.19" type="BiDi"/>
        <pin num="23" name="P0.20" type="BiDi"/>
        <pin num="24" name="P0.21/~RESET" type="BiDi"/>
        <pin num="25" name="SWDCLK" type="input"/>
        <pin num="26" name="SWDIO" type="BiDi"/>
        <pin num="27" name="P0.22" type="BiDi"/>
        <pin num="28" name="P0.23" type="BiDi"/>
        <pin num="29" name="P0.24" type="BiDi"/>
        <pin num="30" name="ANT" type="passive"/>
        <pin num="31" name="VSS" type="power_in"/>
        <pin num="32" name="DEC2" type="passive"/>
        <pin num="33" name="DEC3" type="passive"/>
        <pin num="34" name="XC1" type="input"/>
        <pin num="35" name="XC2" type="input"/>
        <pin num="36" name="VDD" type="passive"/>
        <pin num="37" name="P0.25" type="BiDi"/>
        <pin num="38" name="P0.26" type="BiDi"/>
        <pin num="39" name="P0.27" type="BiDi"/>
        <pin num="40" name="P0.28/AIN4" type="BiDi"/>
        <pin num="41" name="P0.29/AIN5" type="BiDi"/>
        <pin num="42" name="P0.30/AIN6" type="BiDi"/>
        <pin num="43" name="P0.31/AIN7" type="BiDi"/>
        <pin num="44" name="NC" type="NotConnected"/>
        <pin num="45" name="VSS" type="passive"/>
        <pin num="46" name="DEC4" type="passive"/>
        <pin num="47" name="DCC" type="power_out"/>
        <pin num="48" name="VDD" type="passive"/>
        <pin num="49" name="VSS" type="passive"/>
      </pins>
    </libpart>
    <libpart lib="Motor" part="Motor_DC">
      <description>DC Motor</description>
      <docs>~</docs>
      <footprints>
        <fp>PinHeader*P2.54mm*</fp>
        <fp>TerminalBlock*</fp>
      </footprints>
      <fields>
        <field name="Reference">M</field>
        <field name="Value">Motor_DC</field>
      </fields>
      <pins>
        <pin num="1" name="+" type="passive"/>
        <pin num="2" name="-" type="passive"/>
      </pins>
    </libpart>
    <libpart lib="Switch" part="SW_Push">
      <description>Push button switch, generic, two pins</description>
      <docs>~</docs>
      <fields>
        <field name="Reference">SW</field>
        <field name="Value">SW_Push</field>
      </fields>
      <pins>
        <pin num="1" name="1" type="passive"/>
        <pin num="2" name="2" type="passive"/>
      </pins>
    </libpart>
    <libpart lib="fge-lib-symbols" part="BQ21040">
      <fields>
        <field name="Reference">U</field>
        <field name="Value">BQ21040</field>
      </fields>
      <pins>
        <pin num="1" name="TS" type="input"/>
        <pin num="2" name="VOUT" type="power_out"/>
        <pin num="3" name="~CHG" type="input"/>
        <pin num="4" name="ISET" type="input"/>
        <pin num="5" name="GND" type="power_in"/>
        <pin num="6" name="VIN" type="power_in"/>
      </pins>
    </libpart>
    <libpart lib="fge-lib-symbols" part="Conn_02x10_Counter_Clockwise_M">
      <description>Generic connector, double row, 02x10, counter clockwise pin numbering scheme (similar to DIP packge numbering), script generated (kicad-library-utils/schlib/autogen/connector/)</description>
      <docs>~</docs>
      <footprints>
        <fp>Connector*:*_2x??_*</fp>
      </footprints>
      <fields>
        <field name="Reference">J</field>
        <field name="Value">Conn_02x10_Counter_Clockwise_M</field>
      </fields>
      <pins>
        <pin num="1" name="Pin_1" type="passive"/>
        <pin num="2" name="Pin_2" type="passive"/>
        <pin num="3" name="Pin_3" type="passive"/>
        <pin num="4" name="Pin_4" type="passive"/>
        <pin num="5" name="Pin_5" type="passive"/>
        <pin num="6" name="Pin_6" type="passive"/>
        <pin num="7" name="Pin_7" type="passive"/>
        <pin num="8" name="Pin_8" type="passive"/>
        <pin num="9" name="Pin_9" type="passive"/>
        <pin num="10" name="Pin_10" type="passive"/>
        <pin num="11" name="Pin_11" type="passive"/>
        <pin num="12" name="Pin_12" type="passive"/>
        <pin num="13" name="Pin_13" type="passive"/>
        <pin num="14" name="Pin_14" type="passive"/>
        <pin num="15" name="Pin_15" type="passive"/>
        <pin num="16" name="Pin_16" type="passive"/>
        <pin num="17" name="Pin_17" type="passive"/>
        <pin num="18" name="Pin_18" type="passive"/>
        <pin num="19" name="Pin_19" type="passive"/>
        <pin num="20" name="Pin_20" type="passive"/>
        <pin num="M" name="M" type="passive"/>
      </pins>
    </libpart>
    <libpart lib="fge-lib-symbols" part="FPF1203">
      <description>P-Channel Load switch 2A BGA (Onsemi)</description>
      <fields>
        <field name="Reference">U</field>
        <field name="Value">FPF1203</field>
      </fields>
      <pins>
        <pin num="A1" name="VOUT" type="output"/>
        <pin num="A2" name="VIN" type="power_in"/>
        <pin num="B1" name="GND" type="power_in"/>
        <pin num="B2" name="EN" type="input"/>
      </pins>
    </libpart>
    <libpart lib="fge-lib-symbols" part="LC898302AXA">
      <description>LRA &amp; ERM haptics/vibration driver 6-BGA (Onsemi)</description>
      <fields>
        <field name="Reference">U</field>
        <field name="Value">LC898302AXA</field>
      </fields>
      <pins>
        <pin num="A1" name="OUT1" type="power_out"/>
        <pin num="A2" name="OUT2" type="power_out"/>
        <pin num="A3" name="GND" type="power_in"/>
        <pin num="B1" name="VDD" type="power_in"/>
        <pin num="B2" name="MODE" type="input"/>
        <pin num="B3" name="PWM" type="input"/>
      </pins>
    </libpart>
    <libpart lib="fge-lib-symbols" part="LIS3DH">
      <fields>
        <field name="Reference">U</field>
        <field name="Value">LIS3DH</field>
      </fields>
      <pins>
        <pin num="1" name="VDDIO" type="power_in"/>
        <pin num="4" name="SCL/SCK" type="BiDi"/>
        <pin num="5" name="GND" type="power_in"/>
        <pin num="6" name="SDA/MOSI" type="BiDi"/>
        <pin num="7" name="SA0/MISO" type="BiDi"/>
        <pin num="8" name="CS" type="BiDi"/>
        <pin num="9" name="INT2" type="BiDi"/>
        <pin num="10" name="RES" type="power_in"/>
        <pin num="11" name="INT1" type="BiDi"/>
        <pin num="12" name="GND" type="power_in"/>
        <pin num="13" name="ADC3" type="BiDi"/>
        <pin num="14" name="VDD" type="power_in"/>
        <pin num="15" name="ADC2" type="BiDi"/>
        <pin num="16" name="ADC1" type="BiDi"/>
      </pins>
    </libpart>
    <libpart lib="fge-lib-symbols" part="TPS62742">
      <fields>
        <field name="Reference">U</field>
        <field name="Value">TPS62742</field>
      </fields>
      <pins>
        <pin num="A1" name="SW" type="power_out"/>
        <pin num="A2" name="VIN" type="power_in"/>
        <pin num="B1" name="EN" type="BiDi"/>
        <pin num="B2" name="GND" type="power_in"/>
        <pin num="C1" name="VSEL1" type="BiDi"/>
        <pin num="C2" name="VOS" type="power_in"/>
        <pin num="D1" name="VSEL2" type="BiDi"/>
        <pin num="D2" name="VSEL3" type="BiDi"/>
      </pins>
    </libpart>
    <libpart lib="rgbw-rescue" part="Crystal_GND24_Small-Device">
      <footprints>
        <fp>Crystal*</fp>
      </footprints>
      <fields>
        <field name="Reference">Y</field>
        <field name="Value">Crystal_GND24_Small-Device</field>
      </fields>
      <pins>
        <pin num="1" name="1" type="passive"/>
        <pin num="2" name="2" type="passive"/>
        <pin num="3" name="3" type="passive"/>
        <pin num="4" name="4" type="passive"/>
      </pins>
    </libpart>
  </libparts>
  <libraries>
    <library logical="Connector">
      <uri>/usr/share/kicad/library/Connector.lib</uri>
    </library>
    <library logical="Connector_Generic">
      <uri>/usr/share/kicad/library/Connector_Generic.lib</uri>
    </library>
    <library logical="Device">
      <uri>/usr/share/kicad/library/Device.lib</uri>
    </library>
    <library logical="Jumper">
      <uri>/usr/share/kicad/library/Jumper.lib</uri>
    </library>
    <library logical="MCU_Nordic">
      <uri>/usr/share/kicad/library/MCU_Nordic.lib</uri>
    </library>
    <library logical="Motor">
      <uri>/usr/share/kicad/library/Motor.lib</uri>
    </library>
    <library logical="Switch">
      <uri>/usr/share/kicad/library/Switch.lib</uri>
    </library>
    <library logical="fge-lib-symbols">
      <uri>/home/john/Seafile/Personal/a1rstudios/projects/Hardware/rgbwatch/Kicad/rgbw/../../../Tools/KiCad/Libraries/fge-lib-symbols.lib</uri>
    </library>
    <library logical="rgbw-rescue">
      <uri>/home/john/Seafile/Personal/a1rstudios/projects/Hardware/rgbwatch/Kicad/rgbw/rgbw-rescue.lib</uri>
    </library>
  </libraries>
  <nets>
    <net code="1" name="GND">
      <node ref="C7" pin="1"/>
      <node ref="J1" pin="M"/>
      <node ref="C11" pin="1"/>
      <node ref="C17" pin="1"/>
      <node ref="JP3" pin="3"/>
      <node ref="J2" pin="11"/>
      <node ref="U4" pin="B1"/>
      <node ref="U3" pin="B1"/>
      <node ref="J1" pin="11"/>
      <node ref="J1" pin="10"/>
      <node ref="C15" pin="1"/>
      <node ref="J2" pin="10"/>
      <node ref="C8" pin="1"/>
      <node ref="U5" pin="49"/>
      <node ref="C10" pin="1"/>
      <node ref="U5" pin="45"/>
      <node ref="C9" pin="2"/>
      <node ref="C5" pin="1"/>
      <node ref="C12" pin="2"/>
      <node ref="U5" pin="31"/>
      <node ref="C13" pin="1"/>
      <node ref="U2" pin="B2"/>
      <node ref="C6" pin="2"/>
      <node ref="TP2" pin="1"/>
      <node ref="U7" pin="16"/>
      <node ref="U6" pin="A3"/>
      <node ref="U7" pin="10"/>
      <node ref="JP1" pin="3"/>
      <node ref="U1" pin="5"/>
      <node ref="C3" pin="2"/>
      <node ref="C2" pin="2"/>
      <node ref="C1" pin="2"/>
      <node ref="BT1" pin="2"/>
      <node ref="U7" pin="5"/>
      <node ref="U7" pin="15"/>
      <node ref="U7" pin="13"/>
      <node ref="U7" pin="12"/>
      <node ref="R5" pin="1"/>
      <node ref="C4" pin="2"/>
      <node ref="J2" pin="M"/>
      <node ref="R2" pin="2"/>
      <node ref="R1" pin="2"/>
      <node ref="SW0" pin="2"/>
      <node ref="C19" pin="2"/>
      <node ref="SW1" pin="2"/>
      <node ref="C18" pin="2"/>
      <node ref="SW2" pin="2"/>
      <node ref="C16" pin="1"/>
      <node ref="Y2" pin="4"/>
      <node ref="Y2" pin="2"/>
      <node ref="J8" pin="1"/>
      <node ref="TP9" pin="1"/>
      <node ref="C20" pin="2"/>
      <node ref="L6" pin="1"/>
    </net>
    <net code="2" name="/SWDIO">
      <node ref="J7" pin="1"/>
      <node ref="U5" pin="26"/>
    </net>
    <net code="3" name="/SWDCLK">
      <node ref="J6" pin="1"/>
      <node ref="U5" pin="25"/>
    </net>
    <net code="4" name="/EXT_MISO">
      <node ref="U5" pin="16"/>
      <node ref="J1" pin="16"/>
      <node ref="J2" pin="5"/>
    </net>
    <net code="5" name="/VBATT">
      <node ref="J1" pin="1"/>
      <node ref="J1" pin="20"/>
      <node ref="J2" pin="1"/>
      <node ref="D1" pin="2"/>
      <node ref="BT1" pin="1"/>
      <node ref="J2" pin="20"/>
      <node ref="TP8" pin="1"/>
      <node ref="U1" pin="2"/>
    </net>
    <net code="6" name="VDD">
      <node ref="R6" pin="2"/>
      <node ref="J2" pin="19"/>
      <node ref="TP1" pin="1"/>
      <node ref="U3" pin="A2"/>
      <node ref="J1" pin="2"/>
      <node ref="J1" pin="19"/>
      <node ref="JP2" pin="2"/>
      <node ref="J2" pin="2"/>
      <node ref="J4" pin="1"/>
    </net>
    <net code="7" name="/VDD_SENS">
      <node ref="J2" pin="18"/>
      <node ref="J2" pin="3"/>
      <node ref="U7" pin="7"/>
      <node ref="U7" pin="8"/>
      <node ref="R8" pin="1"/>
      <node ref="R7" pin="1"/>
      <node ref="U3" pin="A1"/>
      <node ref="U7" pin="14"/>
      <node ref="C11" pin="2"/>
      <node ref="U7" pin="1"/>
      <node ref="J1" pin="18"/>
      <node ref="J1" pin="3"/>
    </net>
    <net code="8" name="/SENS_SDA">
      <node ref="J2" pin="17"/>
      <node ref="U5" pin="9"/>
      <node ref="U7" pin="6"/>
      <node ref="J1" pin="4"/>
      <node ref="R8" pin="2"/>
    </net>
    <net code="9" name="Net-(J9-Pad1)">
      <node ref="U6" pin="A2"/>
      <node ref="M1" pin="2"/>
      <node ref="J9" pin="1"/>
    </net>
    <net code="10" name="Net-(D2-Pad2)">
      <node ref="D2" pin="2"/>
      <node ref="J5" pin="1"/>
    </net>
    <net code="11" name="Net-(J3-Pad1)">
      <node ref="R9" pin="1"/>
      <node ref="M1" pin="1"/>
      <node ref="J3" pin="1"/>
    </net>
    <net code="12" name="/VBATT_P">
      <node ref="U2" pin="C1"/>
      <node ref="C1" pin="1"/>
      <node ref="U2" pin="D1"/>
      <node ref="U4" pin="A2"/>
      <node ref="U2" pin="B1"/>
      <node ref="U2" pin="A2"/>
      <node ref="JP3" pin="1"/>
      <node ref="C20" pin="1"/>
      <node ref="D1" pin="1"/>
      <node ref="U6" pin="B1"/>
      <node ref="JP1" pin="1"/>
    </net>
    <net code="13" name="/V_CHG">
      <node ref="D2" pin="1"/>
      <node ref="U1" pin="6"/>
      <node ref="C4" pin="1"/>
    </net>
    <net code="14" name="/EXT_MOSI">
      <node ref="J2" pin="4"/>
      <node ref="U5" pin="15"/>
      <node ref="J1" pin="17"/>
    </net>
    <net code="15" name="/EXT_SCK">
      <node ref="U5" pin="17"/>
      <node ref="J2" pin="6"/>
      <node ref="J1" pin="15"/>
    </net>
    <net code="16" name="/EXT_IO0">
      <node ref="J2" pin="7"/>
      <node ref="J1" pin="14"/>
      <node ref="U5" pin="18"/>
    </net>
    <net code="17" name="/EXT_IO1">
      <node ref="U5" pin="19"/>
      <node ref="J2" pin="8"/>
      <node ref="J1" pin="13"/>
    </net>
    <net code="18" name="/SW_0">
      <node ref="SW0" pin="1"/>
      <node ref="U5" pin="38"/>
    </net>
    <net code="19" name="/ACC_INT1">
      <node ref="U5" pin="6"/>
      <node ref="U7" pin="11"/>
      <node ref="TP5" pin="1"/>
    </net>
    <net code="20" name="/ACC_INT2">
      <node ref="U5" pin="7"/>
      <node ref="TP4" pin="1"/>
      <node ref="U7" pin="9"/>
    </net>
    <net code="21" name="/HAPT_PWM">
      <node ref="U6" pin="B3"/>
      <node ref="U5" pin="39"/>
    </net>
    <net code="22" name="/BATMON_EN">
      <node ref="U5" pin="5"/>
      <node ref="U4" pin="B2"/>
    </net>
    <net code="23" name="/BATMON_OUT">
      <node ref="R4" pin="1"/>
      <node ref="R5" pin="2"/>
      <node ref="U5" pin="4"/>
    </net>
    <net code="24" name="/EXT_AIN0_IO2">
      <node ref="U5" pin="43"/>
      <node ref="J1" pin="6"/>
      <node ref="J2" pin="15"/>
    </net>
    <net code="25" name="/EXT_AIN1_IO3">
      <node ref="J1" pin="7"/>
      <node ref="J2" pin="14"/>
      <node ref="U5" pin="42"/>
    </net>
    <net code="26" name="/EXT_AIN2_IO4">
      <node ref="U5" pin="41"/>
      <node ref="J1" pin="8"/>
      <node ref="J2" pin="13"/>
    </net>
    <net code="27" name="/EXT_AIN3_IO5">
      <node ref="J1" pin="9"/>
      <node ref="U5" pin="40"/>
      <node ref="J2" pin="12"/>
    </net>
    <net code="28" name="/SW_1">
      <node ref="SW1" pin="1"/>
      <node ref="U5" pin="37"/>
    </net>
    <net code="29" name="/SW_2">
      <node ref="SW2" pin="1"/>
      <node ref="U5" pin="27"/>
    </net>
    <net code="30" name="Net-(U5-Pad44)">
      <node ref="U5" pin="44"/>
    </net>
    <net code="31" name="Net-(U5-Pad20)">
      <node ref="U5" pin="20"/>
    </net>
    <net code="32" name="Net-(U5-Pad22)">
      <node ref="U5" pin="22"/>
    </net>
    <net code="33" name="Net-(U5-Pad23)">
      <node ref="U5" pin="23"/>
    </net>
    <net code="34" name="Net-(U5-Pad28)">
      <node ref="U5" pin="28"/>
    </net>
    <net code="35" name="Net-(U5-Pad29)">
      <node ref="U5" pin="29"/>
    </net>
    <net code="36" name="Net-(U5-Pad32)">
      <node ref="U5" pin="32"/>
    </net>
    <net code="37" name="Net-(JP3-Pad2)">
      <node ref="JP3" pin="2"/>
      <node ref="U2" pin="D2"/>
    </net>
    <net code="38" name="/EXT_IO6">
      <node ref="U5" pin="21"/>
      <node ref="TP10" pin="1"/>
      <node ref="J1" pin="12"/>
      <node ref="J2" pin="9"/>
    </net>
    <net code="39" name="Net-(L1-Pad1)">
      <node ref="L1" pin="1"/>
      <node ref="U2" pin="A1"/>
    </net>
    <net code="40" name="Net-(C7-Pad2)">
      <node ref="C7" pin="2"/>
      <node ref="Y1" pin="2"/>
      <node ref="U5" pin="2"/>
    </net>
    <net code="41" name="/SENS_SCL">
      <node ref="J1" pin="5"/>
      <node ref="R7" pin="2"/>
      <node ref="U7" pin="4"/>
      <node ref="U5" pin="10"/>
      <node ref="J2" pin="16"/>
    </net>
    <net code="42" name="/CHG_ACTIVE">
      <node ref="U1" pin="3"/>
      <node ref="U5" pin="14"/>
    </net>
    <net code="43" name="/NFC_P">
      <node ref="TP6" pin="1"/>
      <node ref="C15" pin="2"/>
      <node ref="U5" pin="11"/>
    </net>
    <net code="44" name="Net-(R4-Pad2)">
      <node ref="R4" pin="2"/>
      <node ref="U4" pin="A1"/>
    </net>
    <net code="45" name="Net-(R1-Pad1)">
      <node ref="U1" pin="1"/>
      <node ref="R1" pin="1"/>
    </net>
    <net code="46" name="Net-(R2-Pad1)">
      <node ref="R2" pin="1"/>
      <node ref="U1" pin="4"/>
    </net>
    <net code="47" name="Net-(JP1-Pad2)">
      <node ref="JP1" pin="2"/>
      <node ref="U6" pin="B2"/>
    </net>
    <net code="48" name="/~MCU_RST">
      <node ref="TP3" pin="1"/>
      <node ref="U5" pin="24"/>
    </net>
    <net code="49" name="Net-(R9-Pad2)">
      <node ref="U6" pin="A1"/>
      <node ref="R9" pin="2"/>
    </net>
    <net code="50" name="Net-(C2-Pad1)">
      <node ref="JP2" pin="1"/>
      <node ref="C3" pin="1"/>
      <node ref="U2" pin="C2"/>
      <node ref="C2" pin="1"/>
      <node ref="L1" pin="2"/>
    </net>
    <net code="51" name="/SENS_EN">
      <node ref="U3" pin="B2"/>
      <node ref="U5" pin="8"/>
    </net>
    <net code="52" name="Net-(C19-Pad1)">
      <node ref="U5" pin="35"/>
      <node ref="C19" pin="1"/>
      <node ref="Y2" pin="3"/>
    </net>
    <net code="53" name="Net-(C18-Pad1)">
      <node ref="C18" pin="1"/>
      <node ref="U5" pin="34"/>
      <node ref="Y2" pin="1"/>
    </net>
    <net code="54" name="/NFC_N">
      <node ref="U5" pin="12"/>
      <node ref="TP7" pin="1"/>
      <node ref="C17" pin="2"/>
    </net>
    <net code="55" name="Net-(C13-Pad2)">
      <node ref="C13" pin="2"/>
      <node ref="U5" pin="3"/>
      <node ref="Y1" pin="1"/>
    </net>
    <net code="56" name="Net-(L3-Pad2)">
      <node ref="L3" pin="2"/>
      <node ref="U5" pin="47"/>
    </net>
    <net code="57" name="Net-(C6-Pad1)">
      <node ref="C6" pin="1"/>
      <node ref="L2" pin="1"/>
      <node ref="U5" pin="46"/>
    </net>
    <net code="58" name="Net-(L2-Pad2)">
      <node ref="L2" pin="2"/>
      <node ref="L3" pin="1"/>
    </net>
    <net code="59" name="Net-(C9-Pad1)">
      <node ref="U5" pin="33"/>
      <node ref="C9" pin="1"/>
    </net>
    <net code="60" name="Net-(C12-Pad1)">
      <node ref="U5" pin="1"/>
      <node ref="C12" pin="1"/>
    </net>
    <net code="61" name="Net-(AE1-Pad1)">
      <node ref="L4" pin="1"/>
      <node ref="AE1" pin="1"/>
    </net>
    <net code="62" name="Net-(C14-Pad2)">
      <node ref="C14" pin="2"/>
      <node ref="L6" pin="2"/>
      <node ref="L4" pin="2"/>
    </net>
    <net code="63" name="/VDD_MCU">
      <node ref="C5" pin="2"/>
      <node ref="U5" pin="36"/>
      <node ref="C10" pin="2"/>
      <node ref="C8" pin="2"/>
      <node ref="U5" pin="48"/>
      <node ref="U5" pin="13"/>
      <node ref="R6" pin="1"/>
    </net>
    <net code="64" name="/BLE_RF_50R">
      <node ref="L5" pin="1"/>
      <node ref="C14" pin="1"/>
    </net>
    <net code="65" name="Net-(C16-Pad2)">
      <node ref="L5" pin="2"/>
      <node ref="C16" pin="2"/>
      <node ref="U5" pin="30"/>
    </net>
  </nets>
</export>
